pm2_5,pm10,no2,so2,co,o3,temperature,humidity,wind_speed,aqi
33.2709,56.869,28.8868,15.5099,0.8617,24.0371,26.3262,53.7226,2.918,64.2324
37.7876,71.6627,36.5664,12.5525,0.6785,30.7947,25.7244,78.9773,3.2542,72.0328
41.3813,61.3507,26.8772,14.4518,1.162,41.6312,26.6362,61.9714,4.217,69.1732
41.819,61.6414,3.8005,8.9655,0.6253,57.2642,28.6499,38.4948,4.3016,56.2875
33.9651,57.1842,31.1442,16.0932,1.0915,49.8984,28.5496,65.6559,2.3849,67.5691
29.3604,55.0365,27.4988,23.6788,0.6542,29.6158,29.3793,80.7496,3.8574,66.3434
52.1161,85.61,15.7704,9.3396,1.1859,24.7885,24.2347,62.0518,2.7897,84.5502
41.9694,84.8825,36.1997,8.953,0.7315,33.3579,30.6659,48.9307,3.1087,80.0705
26.3184,45.7157,11.5871,6.5876,0.7297,50.8207,32.3545,57.7045,3.5398,50.9149
48.0169,85.3855,32.7369,6.9453,1.171,50.3347,32.5886,57.5215,5.739,83.4872
54.1167,89.8658,24.8373,6.3578,0.8547,64.9265,29.7146,69.0221,0.1114,92.0027
41.6702,67.2058,23.7262,11.9884,1.4175,30.2286,21.0054,79.7886,2.62,74.8741
36.1733,54.8122,32.1995,5.9519,1.1656,45.0445,39.984,62.4934,4.9754,63.0833
33.5343,60.2404,47.4572,3.5954,1.1972,53.279,34.7348,69.3982,3.2677,72.8433
20.0218,39.2053,28.083,22.1013,0.7167,49.4855,13.017,51.6726,3.5395,57.1834
52.3772,86.3009,18.8276,14.2893,1.0551,51.8832,19.098,76.1342,3.3143,89.8975
50.2889,87.089,32.8652,22.764,0.9731,40.8565,24.7838,81.7243,3.3543,92.8856
49.3488,78.946,12.7343,13.4971,0.9689,36.4879,30.0976,67.7211,1.9065,80.0421
32.6467,48.072,34.5295,11.7739,0.6764,52.3212,27.4167,48.7594,3.7205,68.8257
26.448,49.9573,30.0276,23.3301,0.3413,54.734,21.8563,56.3968,5.6721,58.1295
61.8913,98.1841,33.5051,9.5458,0.6928,45.8748,22.022,61.2399,0.4635,105.512
32.996,67.9515,19.9289,13.4627,1.8495,32.8238,13.5329,49.2558,3.8142,74.9978
50.4844,82.1845,13.9775,9.8249,1.2721,51.5193,10.3014,57.4392,5.0176,92.4554
41.7402,72.4662,17.5979,7.7838,0.9141,52.0448,28.0613,50.3487,1.7025,67.2013
21.1163,43.5349,6.8772,10.3336,1.035,66.3082,24.4991,74.0205,2.6813,47.0429
26.9073,57.5249,39.9422,14.437,1.8991,44.5472,28.3424,62.9215,2.9115,86.5439
53.0793,79.222,26.0015,14.1417,1.135,26.1217,8.2111,27.4981,3.1076,82.2135
39.1426,62.0959,17.7576,1.8848,0.9988,50.1808,30.951,70.6527,2.9521,73.9271
33.3636,54.0804,24.7942,9.0759,0.2503,47.1886,25.7492,52.2037,2.272,59.2832
55.6024,91.6332,24.9237,9.0428,0.8791,27.2933,23.1232,58.9789,5.5981,89.4477
47.4084,74.8348,36.6992,6.3031,0.9936,50.8623,18.6351,89.9901,3.9376,75.1665
41.6343,68.007,30.0138,14.3288,1.0172,16.4519,15.8918,70.362,4.8916,82.8998
56.638,80.6238,37.6948,2.4185,1.3841,48.5469,16.0118,90.1584,4.0372,85.9105
38.5216,61.3956,31.113,9.674,1.312,25.074,26.2218,87.027,2.125,75.1881
37.424,59.9978,36.4789,12.4853,0.6169,69.6682,29.5413,55.3263,2.3723,68.8393
49.7713,81.7781,34.5944,11.0777,1.0849,43.3763,29.347,55.0686,4.2785,89.4269
33.6007,53.2424,20.5988,8.2963,0.6047,57.1211,23.6738,83.1216,6.1631,61.4281
16.4238,30.347,29.2465,4.5578,0.8249,49.0172,20.784,45.7052,2.2136,54.346
33.0842,52.6468,26.271,16.7717,0.6946,51.7459,29.0952,69.9859,5.0196,61.7344
48.5928,76.1321,26.0346,17.9804,1.1467,45.0294,15.6601,66.9866,2.3805,79.9734
27.2224,50.3125,8.7897,13.8038,0.9522,36.8166,31.2585,67.783,2.4118,50.277
43.3418,63.9163,26.6738,8.8448,0.921,47.9558,24.2575,76.1576,3.4965,73.2451
20.4697,43.0357,35.2815,19.254,0.6758,45.3699,23.5892,56.5982,3.2135,46.8925
44.8998,79.269,41.3047,23.2479,0.8043,44.494,24.0685,89.075,0.9494,89.9778
17.35,18.5356,9.7917,5.0912,1.2207,32.843,22.4078,39.3838,3.9942,32.4813
50.8118,78.2591,22.3517,12.6137,0.9074,64.9457,24.8429,38.6747,2.4716,79.7091
43.7005,75.8535,28.8061,16.348,0.7415,43.0927,25.2653,82.4509,3.0719,76.5995
22.45,45.7912,24.1235,13.7184,0.3295,59.6046,14.6764,45.5625,4.5762,43.2245
34.0465,59.5153,20.0144,18.7147,1.3496,17.3974,13.8571,70.9317,1.5061,65.3977
36.5546,66.983,27.7675,12.4761,0.667,63.0931,20.5328,63.4357,2.5349,71.1057
32.982,56.4983,19.8622,15.9821,1.3242,48.4041,29.1263,71.4091,4.4064,69.7181
37.5471,69.5047,30.6883,7.1304,0.9072,18.5622,23.9587,64.614,4.8068,68.7446
46.1377,77.2033,19.7652,4.9431,0.6091,25.8739,28.436,54.6782,3.9414,69.7225
47.5286,85.654,23.5466,10.6284,0.7402,22.3016,28.7265,77.0207,3.1916,74.594
48.0909,66.0665,31.7748,12.7164,0.7287,64.482,30.7951,53.8215,3.0873,78.6117
28.8546,43.4326,43.7995,17.14,1.1394,29.6793,38.5659,89.6826,3.4445,63.9987
24.6028,47.4156,20.8699,11.8289,1.2266,23.9045,38.0401,83.0673,1.5918,49.7341
31.5989,49.2115,27.3628,1.0,0.8314,70.24,16.1838,53.6309,1.2635,65.4614
32.2962,68.0887,32.0684,10.1391,1.0651,37.9128,14.6248,62.8312,2.9727,69.8002
39.5055,64.1963,34.2158,20.6885,0.5677,69.324,22.3004,45.734,6.3554,75.419
51.4448,90.0728,13.1941,12.6041,0.7424,26.2149,11.598,59.6366,3.9673,79.012
31.3301,50.204,20.1314,9.2242,0.5901,42.1542,23.8398,43.6642,2.8983,51.5562
34.9463,63.462,31.7813,14.3608,0.4044,39.6982,25.9372,68.2586,1.1226,66.7085
49.477,81.1439,29.0524,14.2523,0.9741,54.4449,24.5069,60.4399,2.1828,84.7499
50.0375,81.8312,28.3144,9.5425,1.1362,33.0345,30.3735,43.0084,1.8249,83.6612
36.5622,64.6286,40.6254,9.9375,1.0329,32.2626,32.8142,68.1193,3.8975,74.5432
25.5728,44.395,35.0178,11.9041,0.9371,25.9625,25.2677,46.9292,1.7917,56.5603
12.7219,31.2743,38.5201,11.7328,0.6019,31.7648,22.9421,19.2203,3.4346,45.2973
31.2573,51.9195,31.8197,13.7532,1.2282,45.2576,19.1717,50.6198,3.4365,75.0868
31.1567,48.4199,21.2989,1.5183,0.9989,25.9415,15.3654,26.3838,1.7466,57.0999
19.2638,26.3978,31.7826,10.2941,1.0297,55.3678,23.9405,37.2358,3.0391,53.5243
28.0041,41.3814,41.0261,9.9238,0.7772,45.2235,31.2133,62.2179,2.7668,65.1871
60.7643,107.4732,36.7287,6.3886,2.0256,28.2188,21.3974,46.8018,5.315,107.0895
17.8745,36.4173,35.4691,10.4076,0.5339,34.8495,20.9421,58.3637,2.5241,51.4164
23.6006,33.0126,22.6061,18.7445,0.7281,77.7713,27.4404,39.3692,2.1154,55.9845
20.8683,53.5499,20.0911,15.4047,1.338,43.4712,17.029,53.6309,3.6709,61.439
35.6806,53.1196,30.4232,8.6332,0.245,35.2342,13.9728,67.3897,5.7274,68.9304
28.1215,47.3779,36.8878,17.3064,0.7744,43.0031,39.4485,56.2808,2.5691,63.4478
41.9564,64.8048,27.516,6.1682,0.8165,71.2769,29.1921,56.5193,1.987,72.9793
47.6088,76.0431,44.5042,5.1318,0.813,69.3987,9.9451,77.0146,0.7932,87.4471
32.9296,62.3401,3.0,2.411,0.7302,45.5165,17.7475,54.4661,1.658,51.8149
24.8388,46.7223,35.8142,19.1647,0.7031,40.5481,24.3342,53.2813,3.1324,51.3153
39.4611,61.7004,20.4304,4.0594,1.2483,43.0315,32.0464,62.3568,0.9856,64.6454
44.0952,69.5487,19.0966,11.1031,0.8469,30.8339,21.717,50.3441,0.1,73.2789
25.2635,53.7219,18.4988,4.102,1.2563,22.8092,19.5468,67.5574,2.7715,46.513
37.2564,62.7187,42.8386,14.9432,1.8107,21.9575,23.8483,40.9335,4.7012,83.8657
44.0485,69.4087,22.5485,1.8516,1.4129,52.1151,22.174,72.9362,4.1762,82.7432
15.5176,26.9933,31.9544,13.7771,1.1872,30.8791,24.8905,93.2857,4.0995,55.2672
34.7698,64.7604,48.0399,12.5332,1.2672,32.748,28.1307,72.4675,2.2224,83.7498
26.897,43.5141,29.9881,21.6599,0.9927,58.101,18.8774,59.24,1.6705,61.0914
45.0277,75.3111,44.513,10.9879,0.8406,62.8735,19.4597,33.6838,4.8917,85.4814
9.0177,21.7937,25.9621,20.7242,0.6813,36.8692,17.6272,41.1351,2.2894,30.8222
22.6256,32.2989,15.0272,4.2016,0.7437,35.4284,15.4147,65.6523,3.1375,41.8977
29.4323,61.7058,32.3981,14.3769,0.1242,35.8477,8.803,51.1807,3.6853,53.8044
41.2233,63.6985,35.758,4.232,0.8215,50.8773,27.7514,55.9638,5.7216,70.985
29.5881,35.825,47.6893,10.155,0.5472,63.4927,32.6485,59.7332,1.3346,66.5686
27.5433,42.2903,40.4337,1.337,1.0701,51.431,38.3571,63.2028,0.524,58.9219
35.776,63.7974,39.8082,2.2016,0.801,58.5781,34.8078,87.7764,2.6927,78.5832
55.5405,98.4992,37.2369,16.139,0.663,24.7385,30.8799,52.4469,3.1634,87.0426
30.2851,54.8242,19.7814,12.3425,0.9738,43.917,18.7946,70.5859,5.6344,57.9369
49.8136,88.0559,3.4675,8.194,0.7092,55.9448,25.3194,65.5904,4.0272,70.046
26.0414,39.7248,28.2973,11.4045,0.9514,34.8177,30.3457,72.6738,5.2105,59.9506
37.2261,67.8737,36.0975,8.7409,1.2868,69.0593,37.8387,58.5636,3.6216,81.1259
34.9695,64.1699,28.7882,11.0311,1.4277,47.306,24.4691,72.1123,3.3954,75.5944
34.2372,52.0333,29.6903,6.3156,0.963,28.4599,30.417,69.9878,3.5646,63.1947
39.9956,56.2034,19.0318,11.2563,1.0036,43.8885,16.9677,60.1351,2.6102,62.8067
38.954,65.1712,41.9648,15.3277,1.1204,49.5033,18.0838,43.03,1.2875,93.5385
22.0467,39.811,26.3961,10.5945,0.7248,18.8432,17.0126,35.7493,3.0352,43.3463
26.7538,49.426,24.1721,16.6605,0.7841,48.1522,14.7229,68.51,2.6733,61.0847
38.9601,65.3994,32.1744,10.0735,1.3038,58.08,27.3775,39.1178,1.7709,73.4924
32.06,58.778,21.0346,17.8854,0.9011,16.8211,20.6728,16.637,2.2228,55.6148
27.6751,47.5611,26.059,9.0313,1.3507,62.0086,16.0071,78.0624,1.0922,61.6589
53.3023,74.5161,35.7479,5.7325,0.8568,42.4772,35.8804,45.0303,3.1103,86.9104
31.9787,51.0356,29.408,12.4676,1.1652,31.7973,20.8561,63.1671,2.9827,64.2302
34.796,56.0189,22.0031,14.2037,0.5715,61.3154,25.5211,37.5753,3.5679,63.5025
44.1459,81.172,26.3358,8.4612,0.7182,31.2648,18.7749,62.552,3.2198,71.6091
26.1409,49.2987,24.984,6.7992,0.8545,41.2971,16.5097,71.2348,4.2998,56.2604
36.5725,66.0226,29.6908,16.4565,1.3968,46.1269,27.0818,71.9752,2.7605,71.4263
45.872,67.3954,47.8884,16.3522,0.9563,45.7153,36.2595,42.8604,1.6917,82.1011
31.8584,49.7488,31.5386,12.6797,0.6558,67.4427,14.2555,37.5724,3.689,62.6007
40.0127,64.3053,19.6666,8.7723,0.6949,52.3499,20.6403,70.1829,3.9645,73.1836
45.8086,81.4191,37.6985,9.4165,0.8214,19.3782,26.0423,47.2197,3.722,80.7078
18.7749,30.0793,26.5065,9.412,0.9501,28.8241,24.3302,30.9842,0.3984,49.1078
19.3362,33.6449,15.8264,4.9556,0.7803,39.2582,30.8781,65.1922,2.8605,46.9284
48.3987,83.0658,25.9368,17.093,1.4306,54.2475,36.3947,72.8256,4.3035,83.792
21.6374,40.1592,13.3054,9.0352,1.1602,35.6878,27.7323,36.38,2.5583,52.7395
37.5021,65.9949,47.0472,18.484,0.6369,63.4506,19.6933,57.7186,3.2198,84.0084
21.4488,42.8844,35.2401,16.0576,0.8369,59.0478,19.0192,76.3529,3.6579,52.5519
39.895,68.9184,26.4434,8.3187,0.8279,24.8098,35.835,39.9475,2.3403,73.1686
42.0204,75.352,45.1671,10.4393,0.5861,56.8198,29.5739,52.7698,1.5547,86.1789
41.9102,62.6244,37.7995,4.7951,0.7552,29.2737,19.5352,44.667,2.4027,74.5647
38.5351,69.575,40.9234,10.1365,0.924,52.5341,35.9472,72.3853,4.996,82.8321
47.6872,68.8228,38.8086,13.0646,0.9163,37.6184,21.0231,64.6589,4.292,74.7577
37.6172,61.0617,20.492,13.9631,0.8014,35.7735,18.6158,62.5008,3.187,60.3117
24.908,44.267,34.0515,6.7514,1.0464,33.464,43.0942,42.944,2.1728,57.7294
24.1714,49.2229,48.0142,10.0619,0.9518,37.7514,23.9998,80.9078,4.3625,59.9383
53.5509,95.2986,34.8637,8.7039,0.9197,33.8635,27.2732,52.9365,0.2945,93.6963
37.2974,70.4171,28.6382,12.9423,1.2346,50.4292,26.016,100.0,2.9803,78.7878
55.8083,86.8825,19.59,4.8397,1.0601,53.7588,29.1904,36.343,4.5076,90.6467
33.8323,58.9438,36.756,13.8357,1.0926,29.7948,22.7776,38.6004,4.0207,71.1386
33.8142,60.5021,14.4348,16.2896,0.7598,46.8067,31.8076,45.896,4.7564,61.5588
35.3383,64.3437,17.5297,14.9705,0.9185,59.5079,22.4824,52.1869,3.6805,66.8294
20.9124,38.2048,42.6763,11.5345,0.6389,55.0231,11.0259,24.0757,3.1946,55.2722
37.6448,59.1105,28.495,5.0063,0.9659,22.3855,22.9553,62.1853,0.9164,63.6133
44.4578,83.9804,14.9604,13.6996,0.5292,26.1664,35.1725,68.6909,2.1545,71.5321
42.7034,73.1428,52.4728,15.0289,0.1,40.9372,18.844,54.7337,3.2175,74.0404
21.981,49.1519,35.9734,8.6463,1.1039,54.4525,32.8712,41.115,4.2138,56.2072
48.8605,80.1361,7.2822,12.1768,0.3648,41.9599,23.5927,51.5791,1.267,63.8716
24.8649,43.8087,42.885,15.5454,0.7583,62.8343,14.4236,68.9603,2.9722,65.456
42.6615,67.9149,38.0116,11.9535,1.6235,40.7403,32.8842,68.3534,1.6736,91.9753
22.2751,28.0206,38.5332,17.3448,0.9156,41.3457,35.0858,69.3899,2.3474,60.7337
20.0805,34.7669,19.4887,1.0,0.5468,62.1126,16.3152,49.1995,1.6907,48.4353
35.0144,63.466,28.9431,6.1449,0.6078,56.7217,23.5982,70.3904,0.1,72.6532
29.0724,64.6457,24.8924,12.1413,1.0981,32.7389,30.1092,47.6765,4.8758,66.2418
40.9476,65.0763,27.8943,13.4996,0.29,37.2755,30.5665,37.7091,4.8627,62.1926
38.8791,59.4326,34.8438,14.3136,1.2409,63.957,32.7747,61.3427,1.606,85.6729
19.3504,34.3933,37.3711,14.2178,1.3779,44.9433,12.1695,53.5959,3.4263,56.6662
51.9494,84.4385,15.6415,14.3339,0.5557,68.7985,25.8907,35.5474,4.6032,91.3154
10.9513,29.8454,34.8403,12.8784,1.003,51.8864,19.149,80.5758,1.4456,59.2168
53.3322,80.8816,29.946,19.0993,0.7527,42.7263,21.1834,76.6796,2.41,87.4507
41.4826,68.9783,21.3357,5.2923,0.4445,28.4827,11.9562,46.37,3.5903,63.5232
25.0804,39.5125,20.0661,5.0605,0.5292,55.0011,14.1677,58.2771,2.3965,61.5693
13.4369,29.3151,26.6625,8.1443,0.9946,47.1782,16.5177,64.8204,3.7059,51.6906
27.6803,58.3432,28.0318,2.1199,1.0569,43.8577,17.8235,72.9318,2.5869,66.54
34.0076,63.5133,36.7948,14.3658,0.5904,57.876,24.1523,90.0362,3.8223,75.4064
25.8213,44.2951,30.9672,6.1476,0.5489,43.4798,23.4549,61.2332,4.6522,51.5931
43.1705,71.888,28.0599,13.2853,0.2797,45.929,19.5322,43.1226,0.7469,68.1648
12.4708,31.9269,27.6069,3.5896,0.6979,55.5694,19.8358,53.5005,2.7201,41.3271
14.6028,29.6314,24.4191,26.7689,0.8361,38.6213,30.9193,55.5035,3.5293,42.6011
53.6627,84.7281,33.7535,17.6618,0.8086,44.9979,28.1056,68.9229,1.7829,90.8213
23.6556,39.0111,23.5161,18.0799,1.379,81.4763,23.6041,44.5375,1.9397,70.8429
16.5395,30.9074,24.3394,20.75,0.596,60.4233,33.1935,55.3317,3.8051,39.8485
33.9415,57.6221,4.2042,14.0769,1.0065,21.2927,14.1141,46.0114,2.5121,54.362
23.5025,37.2066,33.0651,9.6238,0.868,41.7845,27.2004,55.5316,4.32,54.942
45.6684,83.9851,15.3952,16.61,1.4348,31.3846,23.7769,52.2847,3.7731,82.3268
26.9685,56.328,21.4332,11.3084,1.2071,72.3481,20.4114,70.5167,3.4861,57.0574
23.5377,36.078,24.9668,9.9161,0.9084,62.8877,26.9573,100.0,2.8835,61.2355
39.9729,76.9988,26.2128,16.2263,1.3887,34.9086,23.4759,66.0689,2.6348,74.4117
56.9928,92.1113,47.3409,9.4579,0.8379,56.1599,22.5579,43.6181,2.2641,97.9536
27.0066,49.0384,7.4271,9.2094,0.8459,37.823,17.0449,43.8639,3.2917,56.591
18.2189,33.6708,39.7705,13.6723,0.8719,38.69,24.0928,56.383,0.3576,49.9654
11.6049,33.1537,38.2265,8.0588,1.1415,79.2811,19.6385,78.7884,3.6713,53.3983
21.7291,37.2581,26.0509,1.0,1.0591,40.4958,27.2147,51.2924,7.0978,41.0215
23.8033,47.9362,53.5847,7.0379,1.4488,32.1616,33.0536,59.2063,6.099,76.2166
27.2273,66.4552,18.7584,10.4319,1.4424,34.713,19.5105,60.0901,3.7882,64.8913
26.0516,48.2588,36.3743,19.52,0.9984,27.4583,24.1989,48.0705,4.9147,52.705
41.7168,64.1828,42.7206,15.8558,0.9658,52.0691,21.6418,68.8124,3.1355,85.2012
35.7029,46.6672,24.8634,19.5875,1.3358,46.4637,23.1178,52.636,4.0197,72.637
23.2509,46.8462,42.329,7.2257,0.8439,51.4899,29.0593,51.2714,2.5127,57.5079
39.6228,70.0089,29.8058,5.1789,0.573,53.9155,15.4524,61.6217,2.731,67.2671
35.3204,71.0387,32.8882,10.5217,0.458,52.1713,31.9569,67.718,4.7157,70.819
19.3607,36.7714,35.2487,15.6051,0.7521,44.1129,26.5611,78.3407,4.5068,57.2961
39.7547,61.4803,18.9904,11.5407,1.2125,50.5349,27.9277,33.9751,1.2999,76.0243
34.5843,51.9944,38.8217,13.2902,1.7854,62.5,26.4269,55.5822,3.502,79.0075
17.7344,40.1668,32.7486,1.0,0.7093,33.3976,30.8662,57.2951,5.1336,37.994
22.0906,47.5384,23.4478,6.7068,0.742,34.3625,27.7753,75.8907,1.137,49.6554
35.1709,61.2496,38.3326,12.5992,0.7261,29.4335,11.227,52.0622,3.2187,72.4138
30.4668,67.6424,29.2352,9.5833,1.0142,31.4122,25.4624,24.9745,4.0789,63.0014
37.5268,65.2191,17.2624,7.5069,1.3699,51.9244,19.8192,64.7373,3.73,80.6531
48.3242,82.9533,25.5081,20.9184,0.8695,32.8128,15.4583,44.2017,2.7267,84.7429
45.9582,83.8438,31.5298,16.1575,1.5778,57.7441,35.2202,33.8298,2.2357,85.3134
2.8756,12.7555,43.9245,9.3234,0.9586,33.0432,20.5579,62.565,1.6455,44.333
11.9749,27.8957,25.0852,19.4457,1.1286,15.8218,7.0432,41.9783,2.5471,41.3723
35.3629,65.086,16.3401,2.9973,0.9757,39.9463,23.2764,47.7307,2.9748,69.3439
15.5208,23.928,36.416,19.837,0.8383,27.322,9.9922,62.1687,1.5758,59.2788
63.0992,104.0067,34.8546,11.4104,1.2425,44.957,24.4435,79.7665,4.014,114.4735
15.358,27.7036,20.9609,16.2089,0.7519,53.4326,15.8171,56.4905,6.1861,52.0948
12.4576,28.8739,38.2635,9.533,0.5693,54.2678,24.7058,66.8407,2.9945,57.6564
24.0339,41.0749,35.1489,15.6587,0.4864,63.1624,13.7932,58.1024,2.8009,53.858
48.599,66.8162,22.6922,7.4862,1.1625,66.7059,29.4283,80.3246,0.3081,83.6752
18.4036,33.3556,32.4467,12.4731,1.3127,17.2991,18.1498,34.3099,1.0696,55.7338
37.189,73.1232,41.8521,12.3408,0.6091,58.8851,19.1588,38.8092,1.7045,75.4291
50.1864,83.5952,42.2443,12.4567,0.7721,83.0964,36.7473,61.1505,2.1181,84.4213
39.8163,66.1914,34.67,13.6152,1.0309,60.9912,26.1995,46.4249,2.1983,80.5411
22.1381,45.5172,37.1419,11.7806,0.6656,20.1313,16.1322,31.9851,3.2347,49.1832
23.9521,49.1637,31.2933,12.2379,1.0674,59.5103,12.7802,69.3069,0.8484,58.5909
47.1457,82.866,36.6474,12.9104,1.3239,23.4288,21.8639,58.7576,5.8459,90.3191
47.4611,74.6236,52.4966,14.359,0.5982,77.835,14.0116,44.1008,2.8958,84.4311
41.3265,71.6504,31.1351,21.469,0.4098,64.1294,18.2274,81.3946,5.6768,88.3429
32.7138,50.0912,33.2793,11.7332,0.3711,55.2976,17.5413,81.0721,4.4547,61.7665
35.434,59.6956,25.4261,27.4916,0.6191,45.7747,30.9403,51.8506,2.3829,61.3884
49.3044,86.2287,34.6993,4.456,1.0511,48.9943,21.6336,35.9721,3.1263,80.0632
35.9604,62.3207,26.6184,16.4101,0.8802,52.4072,26.9288,74.1308,1.9467,69.4349
46.0639,78.0171,41.2581,15.7262,0.7666,57.3272,22.1976,73.3057,5.6099,91.1484
62.474,92.4015,24.5163,10.6683,0.7799,50.2143,21.4232,75.6977,4.4802,95.4313
22.8534,45.5644,36.7429,13.7694,0.909,64.6047,20.1613,52.1328,4.0672,63.5388
45.2312,74.1427,16.8529,5.8121,0.7702,56.094,29.5458,28.9454,3.8941,70.3662
22.4947,54.8867,32.6396,16.1371,1.6703,36.8643,21.2225,81.8243,1.5,67.7718
35.5546,67.153,34.0539,7.4341,1.1917,56.8321,16.643,46.9951,2.5165,68.0389
47.776,77.7209,27.2217,6.8112,0.7816,65.7893,29.238,32.1216,1.9134,82.2969
29.0225,48.2144,21.3951,5.3447,0.9286,39.6762,31.9826,56.9327,1.9453,59.8875
51.1538,80.3162,12.9742,9.6052,0.495,67.9826,14.2858,52.7569,5.1156,80.5847
28.8361,46.5557,28.185,10.7992,1.3489,42.8347,14.5502,73.7724,4.5475,63.257
44.2655,74.7057,17.932,11.5946,0.5566,36.1218,17.4277,63.3255,3.4424,63.2406
23.9617,43.9265,34.6437,12.3612,0.238,63.0167,36.4062,83.3407,3.9073,59.3329
27.1497,49.856,18.6937,12.6088,0.4711,53.1928,21.5181,70.2731,3.4373,51.9513
45.1199,68.6394,27.3515,9.3123,1.1232,43.9428,25.8901,66.4075,0.15,74.1766
36.3912,68.6616,35.7259,18.5538,0.8335,46.4095,20.5014,51.0292,2.1204,71.2026
32.7144,53.1622,30.2657,2.9068,1.0284,47.4844,27.1236,50.584,2.5393,68.9313
33.146,69.6382,15.9388,10.7632,0.5618,33.9856,18.4701,50.3083,4.2177,52.7307
42.3201,62.8349,25.9447,18.599,1.0386,48.8119,28.4107,67.2156,4.0164,83.5707
22.5385,41.3834,36.3727,15.7482,1.0674,63.2915,20.493,36.4045,4.8541,60.3563
28.4158,50.8382,25.6772,17.031,1.167,49.3643,27.7861,58.5217,4.5345,52.0299
20.9817,39.2329,25.8652,7.2474,1.086,31.3026,25.5215,59.9886,3.275,46.8416
32.682,64.3846,35.4352,16.8142,0.876,21.168,20.7347,55.5892,4.892,72.5528
40.0981,63.008,31.2845,10.6913,0.8269,27.7307,27.2473,57.5225,4.2457,62.4468
21.4762,62.092,21.1995,13.4379,1.0313,31.2494,36.0932,56.9501,3.3943,64.2347
25.5077,43.3358,26.5449,5.1368,0.9828,51.6228,25.2832,68.4933,4.3254,58.4369
32.1027,63.4766,23.0334,18.9818,0.8421,55.7072,36.7859,21.7632,2.9501,62.5984
55.4886,88.792,57.2902,4.3605,1.0049,39.5918,27.5356,48.9577,2.6137,87.6641
36.2981,53.4596,16.9033,12.4344,0.8636,59.3793,14.5281,64.7362,3.6193,63.5589
25.3564,45.56,38.8399,10.1312,1.1542,41.1667,36.0736,58.4289,2.9718,54.5004
17.8742,37.099,27.7255,13.4064,0.6946,42.8939,19.6341,62.7232,2.9164,57.8414
26.7431,54.8275,19.4551,9.6733,0.6475,62.6349,27.0589,60.1948,3.5048,51.1534
51.835,94.0896,29.657,12.0663,1.0947,42.5464,22.5988,50.1151,2.7503,86.1804
43.7582,71.6676,25.7164,8.8659,0.4502,66.8425,27.5602,71.864,2.5111,81.5877
36.7424,71.8295,29.8663,11.7767,0.7416,46.0848,25.5749,81.8831,5.2016,71.9512
49.6285,66.1368,25.2971,13.2486,1.1661,50.9234,23.6076,50.616,2.1603,91.3788
48.4667,88.5467,30.1061,9.3277,1.0664,44.6553,23.1035,57.6023,2.3772,80.5559
32.0911,47.8242,35.9825,16.1928,0.6691,19.416,26.7551,61.8149,3.2267,55.0834
11.9871,36.25,27.8359,14.522,0.8788,50.7896,15.0521,50.8686,1.438,40.9746
26.4918,36.8983,25.388,8.4456,0.5441,43.1403,23.9206,44.6084,5.8156,53.5405
48.4599,78.7195,38.936,15.8279,0.5944,35.4491,44.4066,51.4205,3.8329,80.5996
44.9768,69.4976,19.9471,17.6717,0.9596,10.3133,24.1639,55.0885,4.1239,73.0734
39.1064,67.1843,32.9047,6.2369,0.6555,33.0677,14.6119,70.6121,4.6009,72.1889
27.7852,46.4551,25.6013,17.5645,1.058,69.3447,17.213,54.3898,1.5611,57.2209
33.1369,55.6911,24.8718,4.3264,0.959,41.0258,30.4041,66.808,1.4947,65.0499
27.8136,58.9154,29.7041,9.4824,0.778,23.9874,32.9212,91.9097,0.9513,59.3755
33.6751,54.9471,42.1754,18.2372,0.8264,73.998,24.2294,54.1295,3.5637,70.7599
52.4376,90.3562,26.4505,11.0724,0.6277,48.6751,14.9445,58.0507,2.5276,86.7786
47.5108,83.9879,28.7743,8.4519,0.8101,44.7671,27.4154,48.9092,1.9425,80.7297
51.3056,96.1924,37.932,7.0487,1.3226,33.1608,18.606,64.8418,1.4056,96.2845
34.3564,61.9294,21.7657,16.2321,1.0539,39.9134,30.617,15.4354,3.671,63.8319
25.46,47.2533,34.998,8.3152,0.8641,44.4201,26.7502,77.6284,2.5969,66.7563
19.3493,38.8287,12.8039,12.3589,1.1167,73.3216,24.3455,46.027,4.5344,50.8487
36.1801,67.7722,40.9275,3.3394,0.9155,44.7705,16.513,32.0176,3.1131,68.5026
26.3036,46.6312,26.4898,12.088,1.373,44.5782,37.1626,77.9056,4.4579,59.2835
31.4788,49.6998,34.1587,11.6647,1.0325,49.2353,25.1749,52.2895,1.9351,64.2022
43.5994,72.4158,29.3998,16.3391,1.0463,24.3527,23.4371,44.0593,3.1296,77.9278
41.113,79.6522,24.9918,10.5253,1.0722,58.4678,16.78,68.9875,4.0651,77.4654
31.6268,59.8361,34.2717,14.0035,0.6805,20.8878,23.342,53.6624,3.7956,58.5279
42.6164,74.3822,22.5987,16.7251,0.7971,35.2494,25.7561,57.7646,2.0234,76.536
34.8901,55.7859,12.4603,14.1321,0.9297,46.6714,33.6378,18.1502,4.85,66.2219
23.2391,48.9467,21.8804,6.7875,0.8696,70.5871,26.5317,58.7976,4.3514,52.5025
52.9702,96.879,34.2921,8.0587,1.2216,49.1257,28.5056,76.1851,3.7674,89.3901
52.8839,89.0014,33.2416,15.0755,0.9935,55.4713,25.3822,55.1586,2.4848,88.7705
31.542,61.2496,26.6311,11.4446,0.8697,52.4741,28.5429,89.5911,1.389,66.1982
41.8763,60.7037,47.4134,11.4195,0.6618,58.5906,8.6139,61.3958,1.9111,79.2498
39.4887,71.9882,34.1133,22.4319,0.9186,40.213,32.5828,56.9551,3.7437,57.7118
40.4389,68.2098,25.651,8.7183,1.1709,16.4166,46.0441,76.4659,3.6807,81.0644
38.2959,60.074,40.2708,3.8198,1.08,61.7734,27.7448,34.7807,3.4667,73.7668
26.0935,33.2683,18.145,9.4963,1.2377,83.5442,29.9975,45.3879,2.6527,63.7696
42.3655,73.8937,32.3809,17.9965,1.5708,45.1344,25.1115,66.0707,2.5992,74.4717
40.9248,64.9857,43.166,12.9121,1.3492,32.9942,31.9183,31.8939,4.419,78.0612
46.2492,75.2251,36.8246,14.5132,1.0149,51.1975,35.7631,49.0192,5.0244,81.7932
49.4834,96.2634,22.0168,1.2198,0.9491,35.3163,20.3146,52.7318,2.5061,87.0239
48.5047,87.7117,53.1214,8.1461,0.151,73.3297,25.7533,57.1091,0.8562,81.2221
43.3028,72.0954,8.4713,7.2976,1.2147,62.9014,25.4991,100.0,4.5347,84.4015
50.9995,89.4867,16.608,3.9982,0.6776,48.617,24.0076,63.9953,3.174,80.5489
46.8506,78.3236,27.1201,1.0,1.1617,34.1733,17.636,71.883,4.394,82.0224
46.4361,71.0898,27.708,9.25,1.419,57.0932,22.2924,71.4633,3.6871,83.714
40.6026,74.0074,28.5785,5.7476,1.0064,41.3032,15.9825,45.7084,2.8757,73.0672
41.7403,69.3355,34.4991,10.1331,1.0637,50.643,27.9842,80.9943,2.8323,71.8142
34.0655,63.9549,30.2494,13.5906,0.3832,33.322,27.771,70.4446,2.2244,65.4338
26.4679,40.7872,30.7101,13.0852,1.0189,55.2206,35.7398,73.18,2.7309,66.4226
17.3898,34.6888,40.5348,15.3958,1.1485,71.7406,18.8148,70.7164,3.0787,66.2235
36.4114,67.3096,45.4677,15.1546,0.8371,39.8525,19.1417,74.6098,4.906,75.1606
13.2876,24.1303,34.3399,7.2661,0.3125,38.778,9.7187,63.2071,2.6786,39.7043
50.5599,78.3922,8.521,11.8582,1.0407,24.9864,21.4208,52.4448,3.2362,71.3965
66.9616,106.8677,31.8652,9.5762,0.1071,64.3327,1.9024,79.7091,1.4821,91.5463
33.6932,71.7152,33.196,11.0437,0.6697,54.1101,21.4094,69.4209,0.6475,73.2037
38.8159,58.0625,19.6737,11.2631,0.754,49.0604,13.9572,43.847,5.9482,60.4479
29.8867,51.7676,27.2151,18.0345,0.7283,56.969,18.0118,70.3693,2.9217,63.0163
33.9366,62.2063,18.0654,7.1477,1.5112,52.0909,21.4738,68.2734,3.1218,58.1324
36.936,62.6727,33.4913,8.1264,0.8339,60.9898,22.9441,51.1366,3.6746,69.2496
47.8143,78.6744,33.6337,8.4794,0.5257,55.0703,25.834,68.199,4.1577,72.8239
36.4374,50.6212,35.1936,6.5719,1.0402,55.1634,20.2237,57.6312,4.789,61.7207
42.7236,72.7957,39.4815,3.7405,0.9011,60.4587,33.5142,45.6919,2.8366,88.1581
17.9622,34.6689,31.7742,12.8746,0.6197,58.5026,30.2197,87.0582,2.1691,49.7675
48.1591,91.1307,29.9003,4.3599,0.8352,58.506,28.7467,75.8071,5.7024,81.8032
24.1467,37.0039,28.7722,17.0954,1.4182,48.0628,24.1031,55.8738,4.7943,57.0653
33.7409,58.1469,29.7284,21.0411,0.6324,79.3738,19.4129,44.8722,2.3409,73.3314
34.831,66.9739,21.7633,3.6339,0.7887,48.9168,13.7117,56.2958,3.8963,59.6553
25.1122,39.0973,28.5655,14.2816,1.7243,61.313,15.1681,33.4112,3.0566,72.4123
42.8857,69.1645,40.0164,18.8868,1.3385,30.0702,27.0619,37.5012,2.1529,75.8492
31.8566,47.1688,37.7492,11.9384,0.6407,51.7961,34.7152,63.5262,2.4412,63.4574
33.7506,54.4166,12.8827,10.1075,1.2728,33.4186,10.4877,56.5795,4.6336,52.6462
37.2804,66.3893,35.3686,14.7855,1.0824,22.8248,28.3124,80.0402,2.9118,75.9299
22.827,50.0584,23.8162,20.2474,0.786,54.4887,20.2661,88.044,0.6362,61.157
10.0466,15.8413,48.9199,16.5401,0.2968,44.9156,19.6623,67.1167,5.6055,46.3091
40.2158,71.372,19.0749,15.5057,1.1763,36.427,19.5026,81.1997,3.4719,68.5076
29.911,50.1214,29.3549,11.6364,0.8252,68.4351,29.826,81.7278,0.997,66.5599
49.0973,85.9985,23.2065,8.2202,1.188,42.0248,28.5381,60.5058,3.0471,83.6193
25.0448,55.7743,35.4818,18.9967,0.7412,37.4325,21.7653,44.2145,4.0816,63.75
28.8424,49.3456,33.766,8.2371,0.7772,66.8468,18.774,49.7308,6.4561,51.5846
20.7875,49.9651,25.9045,14.4991,1.5359,34.9615,19.8595,64.5726,3.1014,56.9849
33.4001,50.1314,34.6572,16.1725,0.8516,41.8666,27.8415,49.3882,2.7994,66.0553
52.6641,86.7009,28.8627,11.1793,0.7849,31.4911,17.5662,71.7656,2.4602,84.9026
29.2848,43.9597,25.3525,18.9847,0.7756,35.5308,21.0049,52.6458,3.4971,56.0904
33.8288,55.7977,33.575,13.5563,0.9635,53.8638,23.3053,77.4071,3.8061,78.2052
34.0435,60.6979,23.1782,12.0781,1.1454,39.883,34.4452,58.4108,5.2581,61.2129
31.6777,52.5383,40.1063,15.2105,0.8771,38.6188,23.8121,69.5934,4.2865,67.7396
29.6351,53.065,31.2927,13.2627,0.764,69.3666,19.5984,82.1995,5.0118,71.0724
57.4888,97.5682,26.8331,9.3846,0.6987,56.7228,13.6358,35.2423,5.1922,93.7071
39.972,73.4981,37.7429,11.0657,0.4594,62.9633,27.1234,35.9805,3.385,71.5512
33.6157,56.4557,35.5121,10.9579,0.5535,54.4221,27.4006,35.1875,3.7319,69.0615
33.17,58.8811,22.3567,3.2496,1.0565,43.7696,27.0072,54.2435,2.8615,63.6033
34.2401,64.5579,25.7611,4.778,0.9432,26.7552,6.2622,40.4515,2.6298,58.4763
16.56,31.4921,42.1647,16.1471,0.9025,57.8957,20.9172,43.888,4.082,49.0632
39.0081,66.3582,26.3725,9.7097,1.2412,22.7489,25.883,53.3829,2.2362,71.0811
38.7896,65.8248,32.4504,19.0742,0.7197,50.8513,11.8298,65.3113,0.773,77.8995
29.2979,52.9316,15.4452,12.1201,1.1472,53.6779,23.8792,57.8964,4.6891,64.0715
27.5029,45.7753,23.2013,11.8218,0.5518,14.7828,22.4718,62.0461,3.4424,56.1263
19.49,34.156,15.5757,13.2291,0.8686,38.2685,24.2901,46.6898,1.8714,52.9844
44.7241,73.9812,14.5856,10.9285,1.0723,47.3784,31.064,77.6301,3.0901,73.2735
29.0673,49.1201,39.0455,9.8793,0.3958,51.5095,23.3075,50.525,0.6474,66.2685
43.3562,66.213,31.5177,6.5813,0.4918,15.6181,29.4553,72.0787,2.7972,68.2589
56.0592,87.5565,18.1525,12.6377,1.0648,40.8436,14.0174,45.7246,4.0905,89.1343
14.9517,23.0919,20.1485,11.8728,1.562,40.9985,24.4347,45.2457,6.5609,43.3547
28.859,52.2258,16.7564,16.0438,0.8975,33.2019,19.8293,27.6954,2.4778,43.8695
29.5944,49.4182,24.1102,9.0857,0.6474,62.2764,34.0746,55.287,4.6868,57.0304
31.3708,50.0835,36.9747,15.0903,0.5129,47.2397,20.3808,43.5693,3.1666,52.993
29.7927,64.0262,34.3567,6.3221,1.066,46.2406,21.7543,48.6277,3.2009,63.2777
32.9216,61.8194,38.1571,5.5177,0.7595,67.4967,36.5758,63.9163,5.2924,75.6478
33.4161,46.1464,29.3883,5.5891,0.9409,69.4467,25.7409,45.4373,1.6799,55.3855
12.1277,35.9522,38.5596,11.3448,0.8541,44.2724,23.9179,80.2739,3.7072,39.8549
47.728,68.0131,25.9381,5.0697,0.9121,27.4001,14.3555,41.2555,4.258,72.0216
43.0063,80.6712,32.3834,14.8505,0.6092,43.8161,15.9581,66.8611,4.3781,82.2289
34.6612,65.3646,28.5467,9.1926,1.0506,55.1634,39.4256,69.6661,1.7688,66.4045
19.3795,37.5335,19.0032,18.8116,0.8125,53.9846,25.0619,63.5011,1.8525,50.4956
29.8716,52.1997,31.2469,15.4074,0.7603,56.5305,26.3046,84.2203,0.1,63.0803
50.1029,68.0269,44.8464,12.411,0.2873,55.1583,16.632,43.395,5.104,78.937
23.4877,55.2794,39.2907,10.3272,0.6632,42.1446,35.041,42.2799,1.544,64.6626
31.6145,56.0245,35.2488,10.0496,0.1728,42.0296,32.6873,92.7592,3.0468,61.2376
51.3856,88.6526,32.9542,2.1043,0.7751,48.0065,13.4017,52.1432,5.4211,81.9334
17.7877,23.3589,29.8871,9.1114,0.6394,48.1851,25.9936,60.7933,3.6556,39.1327
27.314,47.014,29.4618,16.9479,0.6815,34.114,34.4117,60.5352,1.3825,56.4928
20.1657,31.4268,16.6574,8.0201,1.5179,59.1467,33.6717,75.4018,3.0247,56.0005
36.2338,55.9423,18.3757,16.5018,0.5345,47.813,28.5647,70.0438,3.68,57.0052
41.4848,69.3976,20.2245,2.0562,1.0354,23.2658,12.0487,85.9667,1.6382,67.4591
35.8615,62.2136,19.8069,8.4584,1.1417,41.097,23.838,23.3984,2.4542,68.842
26.2496,41.6652,33.749,14.9933,1.0001,37.0709,29.2474,84.0635,4.721,53.4077
70.1539,105.2773,17.7408,13.522,0.8717,50.0589,33.1815,72.8882,2.0385,101.4797
47.1345,85.0192,41.2445,16.0873,1.1124,37.8108,14.7728,64.7583,2.6098,94.9991
24.5293,42.5068,25.719,16.8349,1.1254,45.3195,26.0441,83.8362,0.9085,64.2827
47.9597,87.2252,38.025,8.1304,0.7383,54.2705,19.8749,54.8265,1.2432,79.0168
39.1599,64.1838,22.4125,11.061,0.9904,41.3425,25.208,59.4157,2.873,69.6822
24.3528,41.5196,11.6293,6.1679,0.5439,39.4156,31.9123,57.8555,3.3956,39.9535
38.4453,75.8427,29.1276,7.8763,0.5502,48.6806,17.4108,69.4142,1.884,62.5052
40.7594,61.3769,36.0613,17.1871,0.7222,47.9163,33.7451,50.5627,5.278,72.4535
23.7475,44.2065,32.2513,17.6718,1.1659,50.1733,28.5933,60.8941,4.2297,59.1707
22.0248,42.2886,56.8916,16.0384,0.69,64.5148,10.9486,53.9696,3.7166,62.0527
27.8698,48.7846,24.575,8.0793,0.5747,23.1592,17.2351,56.3752,4.5083,48.4861
20.4597,48.3222,18.5674,12.473,0.6191,34.9351,26.706,65.3785,4.8523,50.7831
36.8484,67.02,19.6976,18.0526,1.0598,51.8571,28.1896,34.3246,1.7259,70.6189
36.7392,66.5591,31.0658,11.0774,1.2773,49.894,29.2266,77.1233,4.8431,77.336
43.7093,75.16,40.7252,23.4031,0.5865,34.4617,35.0858,60.9781,2.6411,77.0455
46.2492,80.7359,50.0775,11.544,1.1705,68.1545,13.9626,41.1457,3.5529,88.9264
29.9422,48.9478,28.5208,7.4799,0.5161,50.3925,24.8738,73.6619,3.8785,60.6316
44.0347,68.5629,25.0155,13.3743,1.1805,54.0518,22.5162,55.0194,3.5248,72.8327
45.1827,80.4079,39.2904,16.9672,1.1994,18.6232,25.5769,35.1222,1.9615,82.0814
49.1966,83.7818,32.3143,20.9281,0.9723,31.7039,14.2429,44.0331,3.3455,77.0876
40.2589,70.2417,22.7998,12.5207,1.0549,36.1529,29.1296,46.5325,3.9638,78.5521
38.8646,58.6561,30.8871,12.4053,0.6416,27.3671,21.3286,71.8937,4.2633,73.3959
34.4618,71.4804,21.5385,14.2041,0.8275,65.8797,24.2258,41.4866,3.5144,62.8318
24.533,50.3577,29.7969,16.278,0.6379,63.155,22.7727,26.6821,2.0356,50.5367
17.4342,37.2143,33.6566,14.9541,0.6788,52.4439,13.7235,50.2738,2.9936,48.0654
36.2055,62.1718,34.7112,13.5176,1.1866,38.2766,28.5606,62.4396,3.516,74.1714
9.1222,33.1883,20.8468,8.0178,0.8033,26.66,36.2212,48.0848,2.311,31.5299
40.2445,76.7418,32.7275,8.129,1.2968,48.9699,18.9431,56.8477,3.3707,80.556
35.0194,60.6726,48.6281,26.1685,0.9519,32.159,16.6484,71.0101,1.0887,77.5429
39.7393,68.699,25.9534,21.1889,1.1389,38.4082,29.4828,55.0568,2.5289,73.5944
49.1902,78.4311,29.2869,17.1002,0.9912,48.3657,19.3428,95.2936,4.2638,74.9368
50.6502,76.2589,16.2796,8.5103,1.2774,41.1861,25.4743,31.2799,4.5981,77.2164
19.5285,39.2417,34.8987,12.4251,1.2874,53.1708,34.5155,57.1234,3.3424,62.9296
48.9038,79.3571,48.8584,12.5768,0.9015,51.1858,18.01,31.6639,5.8725,93.2133
23.9126,44.6915,36.2353,9.5602,1.3299,38.0768,30.9468,47.9131,3.8593,68.4132
40.6931,66.1112,32.2167,15.6243,0.7716,39.471,36.3341,80.3513,2.3378,68.4135
19.5989,30.7097,27.1604,11.6214,0.4849,47.1644,3.6775,60.2373,5.2902,39.8627
2.0,11.9993,37.0067,9.9579,0.9686,63.075,35.8256,67.5683,1.5932,40.2427
22.9966,42.4015,27.5861,9.1452,1.3593,41.8126,13.6333,64.0727,4.0919,58.2838
25.7017,43.9581,24.1119,9.4766,0.6895,41.9054,14.5094,61.9484,2.1829,57.8195
39.575,76.3972,16.3572,19.056,0.865,53.6647,30.2283,73.379,3.2801,75.7599
33.8998,63.2155,21.0823,14.0228,1.3618,73.0903,31.4766,81.3817,3.8807,79.4331
58.3405,95.1852,14.1226,11.1484,0.9558,33.465,15.615,50.1123,1.601,90.4222
55.4561,95.2365,16.0541,13.0354,0.6425,48.9163,18.238,73.7256,4.113,83.25
41.0536,69.9596,47.2743,2.4921,1.0239,62.4021,21.4325,50.0146,3.4305,76.4389
28.561,44.6963,28.2247,1.5401,0.7192,52.8184,21.3502,51.4096,4.3687,63.6216
26.1533,54.4596,12.4951,7.7709,1.0607,48.6075,24.8338,71.8377,2.9365,59.7966
29.1322,47.9334,11.251,15.3818,0.6397,59.1054,31.0678,54.445,3.3134,55.7281
32.5395,48.0576,44.4574,9.1609,1.0588,49.079,26.0276,61.503,4.3857,65.8326
46.9049,79.3525,30.3923,9.9245,0.8864,53.1082,15.7963,30.4707,2.8428,83.345
31.4115,63.3443,42.9603,19.0126,1.3357,48.6897,27.9686,47.0865,0.1,78.7148
25.7392,45.4017,5.1459,16.4877,0.8395,36.7295,15.9155,44.9983,2.099,43.7374
18.0436,33.8066,26.6186,16.2969,0.3745,38.7585,17.7605,63.4546,3.1319,49.1954
57.0582,93.5936,35.3,8.2519,0.862,45.348,38.972,39.767,3.0257,91.0683
25.948,49.0367,30.1417,12.5977,0.6833,55.2842,17.4868,52.0457,4.3016,65.0895
25.9972,50.7329,29.1467,17.2199,0.9334,68.7587,34.7283,42.4281,2.7752,59.0965
34.0302,48.1418,13.2632,17.099,1.0022,55.5488,17.6672,41.1824,2.9484,68.6082
35.9049,62.9553,41.7778,13.8984,0.9546,50.9835,22.6652,83.1742,3.0643,73.1621
43.1793,78.4489,25.2825,15.6199,1.223,2.0,11.9273,64.4081,1.9903,84.0131
38.8887,65.7235,30.6177,10.1006,0.7074,46.7057,31.0204,33.2469,3.513,66.6386
36.033,57.5388,31.4384,6.6391,0.8939,41.3558,12.3432,64.6923,0.1,66.1888
17.113,35.2115,26.6395,16.0848,0.8394,42.0184,31.8442,50.5629,3.1614,55.4146
42.9429,84.3116,34.5906,9.3518,1.2222,57.9127,22.0882,66.6417,3.0929,87.3958
35.3913,60.3075,46.8877,14.2811,0.5008,47.9178,21.9059,63.0083,3.5119,73.8233
14.6191,20.5213,44.0059,11.8668,1.3014,52.3865,20.2683,30.9836,3.8655,55.1863
56.0142,90.8061,30.7613,2.9597,0.7179,48.4432,21.5444,44.0167,5.0431,93.6995
22.1822,41.8669,25.7151,19.4241,0.9712,53.3619,17.4548,79.24,2.8114,67.5739
48.1095,76.2584,35.2692,13.2171,0.8336,55.4982,23.8217,58.4501,2.379,80.5013
35.9193,62.951,40.7587,5.2271,0.9337,67.3143,19.2538,41.3048,1.9954,77.6599
19.806,37.8261,23.3081,9.1226,0.8081,39.7562,21.4271,57.1366,3.5496,45.4237
40.6473,66.0933,25.4591,12.2093,0.3851,33.5064,19.3241,41.6351,2.899,61.4642
24.0655,50.1943,50.8246,16.9697,0.9894,60.7358,26.1993,53.829,3.345,67.2605
8.5422,15.7651,21.7099,14.418,0.7557,19.8035,23.7999,62.587,4.2001,34.761
63.6871,98.3262,43.1717,16.6051,0.7094,43.2067,18.7771,56.0174,2.624,98.9256
34.9371,54.1908,41.2454,16.3906,0.6914,57.0776,16.6402,29.4557,3.6094,72.4969
26.1279,50.3489,49.6048,27.0619,0.6381,49.5731,15.4,100.0,2.6334,75.3106
36.1335,55.8579,27.9316,5.2318,0.708,41.2464,25.5746,21.6523,3.1147,74.1809
23.5792,45.3239,25.7685,1.0,0.6014,35.4313,29.9289,57.4387,2.9136,51.9703
36.5497,61.8349,36.6822,5.1188,0.8381,62.5466,9.0191,45.3496,3.4032,72.2004
30.9641,57.0256,21.1345,16.8972,0.9584,70.4126,29.9262,66.8255,5.0409,62.4108
31.4813,44.7208,38.7049,20.2708,0.7544,27.96,31.8739,46.2031,2.5442,71.3257
30.6951,52.924,46.1185,14.9544,0.5808,66.0742,11.8105,74.1198,3.8372,67.7818
25.6532,39.8054,47.29,12.6222,0.7108,53.0348,32.4323,63.1016,4.1061,67.4866
35.705,63.4571,28.8462,7.0383,0.5199,51.3087,19.0412,57.6631,2.878,69.9552
38.3596,67.3782,27.1348,11.31,0.798,48.4944,11.9313,57.684,3.6778,72.3369
22.0701,38.5785,26.1923,9.3001,0.5349,29.7899,24.0637,64.1677,3.3924,43.0319
39.6198,66.2369,25.0447,7.3736,0.7472,55.0377,22.7122,56.0298,1.8987,83.8727
7.8206,7.5634,24.7516,12.9971,1.4321,52.1929,26.1058,72.7143,3.3236,32.4313
38.0581,66.3909,51.6966,8.3952,1.2772,25.9575,34.7295,60.1215,4.2881,82.9787
43.1337,73.2858,23.4402,11.2015,0.6704,43.4222,12.738,60.7558,4.4705,78.1061
50.7658,85.0635,28.4585,10.7238,1.0177,55.0395,26.367,36.4733,4.9915,87.1699
46.8882,78.6439,27.3901,21.6877,0.5791,21.3661,37.9706,61.8463,2.6431,73.9886
10.927,35.5942,37.0563,14.55,1.1474,32.1947,27.2088,75.3714,0.3336,53.5533
43.9649,74.5563,21.1443,11.1722,0.7625,50.0798,20.2754,70.2307,2.5262,72.1109
49.0224,80.5692,35.3162,5.5129,1.3563,24.6696,24.6785,54.4072,2.208,83.2813
49.8215,93.1659,27.6336,10.2127,0.3366,69.0116,16.5375,43.4414,3.3363,85.2114
53.2791,100.9664,37.5384,9.5992,0.703,42.501,29.6311,73.2783,4.002,81.3217
28.206,59.0492,24.6691,11.5983,1.718,43.9649,33.964,87.4194,4.1856,67.5535
7.6397,14.3059,36.4331,14.9598,1.2517,29.5179,25.3961,25.1983,2.0523,43.6788
8.8131,26.1198,48.3064,4.8196,0.8223,69.0586,27.5045,64.3574,3.3398,42.0353
33.358,65.757,30.8698,15.6085,0.7915,32.7998,20.9815,41.1515,1.429,66.048
32.2547,50.7397,36.9607,7.3421,1.0277,51.9773,35.6617,63.4728,4.2265,68.0182
18.1138,40.305,46.7939,11.3786,1.5281,57.9341,38.0069,55.101,2.0499,64.7911
26.2851,48.6185,27.5836,12.8226,0.873,31.3604,20.2942,78.306,3.1174,51.3507
10.7984,22.263,32.788,6.0989,0.3638,52.8514,46.3588,71.952,1.9044,38.5543
33.5738,50.7301,15.9585,11.2862,1.137,48.5403,19.2169,66.1507,3.8776,58.1494
20.3861,42.4502,41.3622,14.0271,1.2538,65.5379,13.3016,65.658,4.9108,69.635
52.1266,82.6645,36.8173,15.8814,0.7205,47.6696,14.678,44.4185,3.6258,91.9591
34.9905,69.6903,44.8932,7.0858,0.8696,37.9517,29.7628,69.4904,2.1682,78.4451
19.152,43.7952,5.6083,11.1044,0.6876,54.463,25.7679,22.9355,1.451,38.7654
49.2053,91.5956,36.8201,19.1147,0.6741,50.8325,24.8889,40.723,2.7445,85.2205
40.473,71.6819,24.5156,9.3406,0.3298,52.0744,23.2761,57.5362,3.9095,65.0956
23.434,39.5388,26.5634,13.0882,0.7182,38.8293,14.6929,51.4786,0.9288,48.7939
41.4796,71.2477,28.4381,10.8772,1.1701,28.502,27.0957,46.5365,3.5617,73.3735
28.4813,52.5958,23.5378,5.9353,0.7551,27.4342,25.0162,48.2736,1.557,56.1277
39.8217,66.6254,27.0772,16.5665,0.8186,48.6129,16.0551,66.9214,3.0142,76.0753
31.7225,51.066,17.9799,10.9685,0.7622,26.8392,32.7563,74.41,0.555,46.7903
16.7647,34.0863,56.7971,6.0908,0.8048,63.6608,20.5327,75.854,4.4144,59.2859
45.5848,81.9926,15.9711,11.127,0.7113,45.4151,15.504,42.0566,3.2725,72.7077
51.627,86.703,44.3235,18.5518,1.2414,2.0,18.5891,65.4153,1.4799,88.6433
43.0229,72.8196,26.5113,20.6623,0.7734,60.5586,23.6522,59.5865,2.7339,74.3831
32.3406,48.3169,36.1113,12.5654,0.768,56.1219,16.7044,26.5181,3.7479,57.3748
18.2564,36.3623,39.6631,8.1072,0.6323,66.0877,14.1126,71.567,3.7588,50.4839
33.3632,52.885,23.3389,11.2361,0.6879,21.9339,28.9865,48.3308,4.2356,56.768
68.7535,114.4787,16.5365,5.1392,0.6311,38.9999,12.4319,39.9838,3.2197,85.8974
33.8005,60.0987,19.9512,15.0198,0.9255,60.3067,28.653,54.598,2.9952,68.7203
39.5331,57.1429,39.2654,9.1952,1.2402,47.5079,19.4529,57.9965,5.0726,72.8018
14.485,28.1934,42.5938,19.9408,1.2098,15.3165,22.3401,50.3509,2.9706,46.1335
31.6997,48.4449,53.201,12.2996,0.7447,27.6468,30.7052,67.3358,4.7106,70.1047
29.3781,47.6998,22.3563,9.9746,1.1056,37.2774,25.9899,70.047,2.6097,64.9411
40.0433,70.3639,29.7405,12.8671,0.6419,33.2614,25.7518,72.3101,2.9004,73.8268
32.2294,51.6473,30.125,13.9213,0.6934,36.6841,20.5338,60.9286,1.2825,63.9645
38.1391,66.4408,24.3782,13.3998,0.569,34.343,29.5933,36.7419,2.3621,61.9076
42.7951,63.5522,24.1102,6.5731,1.3968,41.1307,20.3645,59.8193,4.3232,64.842
22.0289,42.3535,23.7018,4.7879,0.6873,47.1926,26.2798,89.3611,1.0691,44.0978
20.5063,44.597,21.0406,4.4056,1.1437,34.6388,31.8071,61.4348,2.3396,54.9489
44.7906,84.1976,25.8637,10.4074,1.3416,60.5616,25.8002,44.3997,1.8386,76.6066
23.1108,41.4256,18.0819,15.6034,0.1264,33.7826,19.2387,67.7395,3.8795,38.2518
37.7448,58.3507,32.9144,5.901,0.9384,65.5597,38.2814,75.3874,1.8589,70.8806
23.8016,40.0414,12.5218,8.8483,1.2353,76.2811,27.0427,61.2518,4.0749,47.7648
24.851,50.1075,27.6695,10.1596,1.1563,18.3055,32.1707,45.0065,3.9323,55.4828
43.7416,79.5664,19.8805,16.1867,1.0519,64.9561,20.3031,77.0011,4.1473,78.6496
47.0136,76.2865,39.132,11.4982,0.9324,45.9511,31.0979,56.6125,3.9549,86.6775
24.6891,50.5777,44.7293,14.554,1.0217,33.0747,33.0252,33.4582,3.3874,70.2377
26.732,51.3352,22.7369,15.2924,0.4755,39.2284,19.5356,59.6247,0.9884,62.021
38.7208,63.1482,44.8901,11.881,0.9769,49.036,35.1357,60.5203,1.812,78.7811
40.038,67.902,23.5036,7.959,0.3909,51.7359,18.1585,47.7196,3.8624,71.1155
22.573,39.7517,26.0606,14.5293,0.588,33.7685,26.9403,48.3481,1.8628,49.4875
24.004,42.3649,42.838,11.1166,0.8589,38.4125,13.3514,60.8369,4.522,65.7371
69.2411,110.0889,32.0175,6.4999,1.4556,58.8817,30.7253,67.5462,3.0275,97.7643
50.0008,87.0076,32.5765,7.8678,1.1603,49.1817,25.4039,40.2893,1.7414,86.2715
33.7264,52.3493,47.3459,9.8069,0.8804,48.6414,34.3049,45.5978,2.9586,64.3785
47.5865,81.9365,31.585,13.422,1.4448,43.459,19.9128,48.7378,4.5403,89.7533
40.7621,65.2525,35.4649,15.0044,0.9318,43.1553,27.3144,64.3924,2.5761,75.1902
14.4176,33.2112,28.9026,19.7477,0.3647,47.3743,28.1509,46.8223,3.8279,45.0118
41.3541,68.6312,3.0,12.4045,0.9282,34.7635,14.7229,66.367,3.7154,72.6282
25.322,53.0961,30.1711,9.5186,1.0498,57.271,20.3235,83.1265,3.2245,57.1125
21.336,46.4357,24.4707,12.4452,0.9318,43.4259,30.8556,50.2895,1.7574,41.7563
33.5783,56.783,42.3826,8.4795,1.207,40.9535,36.0448,42.4206,2.6785,74.7274
49.2612,86.9555,16.6488,17.4415,0.8972,22.2063,20.0883,52.4259,2.161,84.5503
41.4426,77.0002,21.198,3.6497,1.0356,45.4767,30.0426,68.5624,3.4026,77.0989
35.9201,63.1111,49.7846,18.4484,0.5844,22.8524,33.501,51.0175,3.0289,69.6762
38.9252,63.9044,18.0965,3.0751,0.1824,30.2412,32.5729,42.9969,3.1694,61.9649
50.7665,80.8077,37.1132,10.1225,0.3185,58.4041,24.7709,43.967,3.4678,83.3135
36.9981,57.688,28.2532,13.5278,1.1261,41.9774,16.4174,64.7897,4.8081,67.7735
41.0704,75.8953,40.5835,18.7232,0.985,64.7079,33.4661,44.7613,3.603,84.7099
26.7857,46.2033,9.9202,15.5519,1.1547,61.1124,33.4408,48.3209,2.992,64.4942
47.956,75.5087,6.396,10.8557,0.5795,45.877,30.7962,34.8459,3.5573,62.1132
64.7889,105.4928,34.7517,6.7798,0.2602,31.5761,17.3029,76.762,1.7082,98.1122
40.0578,67.4174,5.1355,9.2517,1.1912,52.5223,25.047,35.0095,3.3638,67.4244
29.1665,54.3486,22.8971,1.9612,0.707,35.3357,32.533,69.5119,3.1343,52.7252
41.6988,79.5131,20.3294,8.8044,1.2452,51.7318,20.9308,76.4843,3.9171,73.0779
38.296,65.4008,46.5267,15.037,1.0451,46.8662,27.6468,35.7737,1.3093,80.7326
39.7967,65.2741,10.0191,6.5611,1.0613,46.7765,19.5105,43.1362,3.5464,64.4102
33.0879,54.6057,31.5026,13.4135,0.7121,68.2776,19.8785,60.661,1.183,63.1504
46.0455,81.4267,32.1467,8.6373,1.0061,31.0988,31.4903,15.937,2.6995,73.501
50.5385,82.6198,42.3738,19.2282,1.0364,22.0683,18.7231,50.0134,3.7206,90.271
19.0448,41.2747,19.853,10.2306,0.9772,43.1831,34.982,76.2297,1.4853,44.6995
48.7974,81.8758,36.2836,12.1254,1.2692,55.8031,29.5052,47.1725,3.9897,80.8838
32.1109,52.3537,22.2329,7.3161,0.2977,62.3377,22.5105,55.1641,3.8516,62.2669
51.0419,81.9733,31.8798,7.4733,1.1198,45.2947,30.3637,71.2368,4.2162,89.4124
36.0444,54.6104,33.2907,20.4172,0.7698,35.5168,28.3264,84.7889,1.8466,58.5775
27.6221,50.0313,28.572,10.6985,0.7492,35.9438,18.2097,63.7597,3.9442,49.6427
53.9829,91.6234,35.5397,10.5857,0.9764,29.2695,35.0838,80.6384,2.8886,83.9221
31.3299,58.5426,26.062,8.0218,0.9483,32.7665,33.3468,73.1283,4.0629,58.9164
37.4821,70.8794,9.0688,13.0286,1.3219,70.3612,17.3461,62.4195,4.5576,78.0128
12.9241,15.3287,31.5429,14.4916,0.8626,40.41,32.9462,81.6401,2.4302,45.2841
21.1175,50.0892,15.9576,6.6495,0.6331,30.3213,32.9429,95.1463,3.5389,45.8311
43.661,68.0494,43.3776,11.8177,1.0262,35.3224,22.569,32.086,3.2243,83.7624
12.7815,21.1133,25.2385,10.4517,0.8729,44.369,25.9861,57.4318,1.0135,43.2677
49.4411,83.71,12.2654,13.1616,1.0426,31.1505,24.5333,78.423,5.3026,78.911
41.0894,68.6434,25.9015,18.925,1.1887,53.638,20.3142,81.4761,4.5526,73.0884
48.0631,81.1045,32.7848,1.9147,0.4611,58.8533,18.6311,70.9992,1.4747,72.0517
57.9291,100.35,28.7164,13.1186,0.6874,49.984,32.256,51.3524,3.8313,82.9625
56.6184,98.955,29.7,10.3279,1.3233,37.9332,26.5883,52.9779,2.0004,99.7062
30.0535,55.8654,26.5268,11.3277,0.8487,35.8319,29.1332,56.6114,4.3216,64.1204
49.6674,79.552,36.6371,11.128,0.8933,34.998,20.6789,68.0825,2.7554,80.9469
45.1796,77.9103,17.8148,12.5286,1.2385,60.3469,20.2399,40.2285,2.7248,85.8655
43.9248,60.1251,38.5875,1.0,1.4798,56.835,21.2379,59.7112,4.0593,79.2473
40.5623,68.0663,27.4919,19.6251,0.2884,45.6585,14.2484,55.0863,2.2795,82.2641
28.8293,50.4221,23.8158,16.447,0.747,35.8302,37.0927,70.495,3.5497,70.8286
27.404,44.2304,22.0651,18.0158,0.7144,61.6635,19.5941,28.9654,2.1579,58.2398
49.3077,89.7697,33.6641,15.4204,0.1067,48.6773,24.2698,53.0564,2.3343,84.5355
48.6711,92.7942,28.0524,8.0197,1.4656,40.5142,20.3558,35.8048,3.7462,89.4398
45.1231,77.0233,35.4412,14.7715,1.0543,61.4981,29.9673,61.0208,2.5016,89.4386
28.0743,49.2254,22.8379,22.6646,0.6086,54.2949,28.734,72.0195,3.1485,60.7273
32.6381,40.649,22.3576,18.8201,0.6551,46.8902,42.4631,42.5092,2.544,57.4939
11.0184,19.318,15.7135,14.7195,0.8259,15.1448,29.671,73.5535,2.7298,39.2126
42.0484,65.5864,32.8125,12.9235,0.6495,30.6272,26.8553,94.9074,3.1515,75.0679
22.3466,39.9626,27.9767,10.1163,0.7033,44.3188,20.0593,77.8633,5.8649,48.5304
30.6367,56.5566,35.8308,8.1826,0.7287,53.2126,12.5317,93.4409,3.5919,65.2589
33.196,51.3536,48.0251,11.5805,0.7695,69.5983,31.2236,54.8891,3.7671,71.1031
30.6535,52.6545,32.9743,17.4744,1.4933,14.5839,40.2563,74.3896,3.2215,66.3533
12.583,34.041,19.0542,15.2593,0.7756,22.2398,26.9289,65.7815,1.9835,44.2651
56.665,95.9413,34.3139,8.331,0.5882,39.3147,24.483,58.188,2.9414,101.2116
41.8536,64.9226,17.9942,3.3072,0.5971,53.1021,22.0033,46.9143,3.9665,68.0929
39.4568,67.1058,29.6325,5.407,0.3464,33.7101,18.4793,44.8969,2.9748,61.6881
19.3448,36.3998,33.36,9.5373,1.1457,49.4164,26.7261,52.0233,3.7375,57.9514
11.8491,32.1834,24.8885,15.2531,0.2081,38.9221,12.1069,55.6256,3.4359,39.1453
35.2483,53.3572,43.0273,5.2736,0.7991,34.1258,19.7823,35.5505,4.6113,69.8062
35.8595,60.9233,20.4003,11.4496,0.6276,46.2098,26.7561,54.0457,3.7187,65.7667
44.6561,86.8327,15.7231,5.8308,0.5351,42.2309,12.8387,49.5131,4.2895,73.5475
54.6745,95.1336,40.1301,9.3551,0.7926,57.3042,30.0101,27.3384,1.3948,86.9266
24.6803,52.9247,48.0592,13.6497,1.0022,72.1872,27.1408,66.9447,3.6845,72.2358
51.1892,89.1419,30.8536,10.0343,0.978,21.7224,27.2251,60.0175,3.617,78.1027
40.6247,70.0355,29.9299,13.8509,0.6511,24.6108,27.1787,22.772,3.9735,78.2159
39.4498,72.2968,46.2772,17.221,1.5831,32.804,21.6115,65.7332,1.1006,86.4471
35.801,69.4889,40.6723,15.8313,1.109,45.8593,26.0453,70.1516,4.5152,74.2271
40.395,68.1406,32.6555,17.772,0.8248,32.0922,17.623,48.8292,3.9924,72.4537
27.8235,54.3719,31.5996,15.5029,1.5579,71.3376,26.414,63.4225,4.6478,78.6174
30.7022,46.7031,38.6294,13.1254,1.0831,52.6005,19.111,49.8392,4.5927,66.5844
25.6215,44.78,33.9765,9.4489,1.4212,56.3729,13.5685,61.6726,5.2396,81.2204
29.3506,52.1743,16.4365,14.7813,1.0437,48.9649,16.4104,70.5001,5.5766,67.1843
39.347,66.7161,38.9832,11.2946,0.1413,20.9502,33.5776,79.2844,3.037,63.326
31.3967,47.3785,27.4607,20.735,0.7123,33.8784,14.5925,61.2914,1.9651,64.8703
31.2968,65.0331,35.9132,14.3851,0.478,45.3374,26.1265,63.4859,3.662,66.15
20.9874,25.0403,18.8383,17.0697,1.1401,60.9932,26.2968,61.6325,3.2225,43.7663
37.1381,59.8216,23.9091,7.0587,0.8798,57.8121,29.5983,42.4673,3.5149,66.3501
10.8656,29.9392,23.5303,14.9018,0.6627,55.8913,32.7388,62.1836,3.9061,38.5294
31.1958,48.0801,40.5271,17.9317,0.756,45.5306,19.3329,37.0555,2.5308,59.7301
11.7141,27.3469,20.0432,11.7908,0.1026,46.2417,19.1551,47.9945,4.3317,32.1789
38.5895,66.2051,34.812,8.0422,0.8965,41.7346,28.9623,48.7768,4.1793,74.2709
28.0273,54.4001,26.0079,8.7998,0.6598,29.9568,26.1789,54.8565,2.8009,59.7942
45.5801,77.0287,10.6465,14.4257,0.3124,32.5039,22.8741,82.5552,0.1,60.9139
26.4151,51.7699,13.6788,7.9997,1.2638,57.3455,19.7446,74.2211,3.3107,54.532
26.4381,43.8912,19.213,14.2942,1.203,24.8367,28.6646,41.288,3.1056,56.1482
47.1659,78.6047,32.4877,20.1465,1.3846,59.7443,29.2533,66.131,5.331,93.8279
26.8656,48.9355,34.1082,5.0364,0.7266,68.9503,16.0407,66.1579,3.607,66.0925
25.6739,41.85,30.5324,8.8554,1.3645,47.5453,29.9714,42.0617,3.9673,72.7691
34.3409,52.7856,41.3865,9.6276,0.5135,29.213,15.7272,66.3634,2.0951,60.5918
30.536,56.3591,38.9015,18.1643,0.8003,59.2284,18.4883,85.3711,4.0062,72.3707
15.9416,37.7569,25.3216,8.9432,0.6537,36.5136,27.4551,64.8363,3.2675,53.5392
20.0152,39.7391,16.7167,14.8181,1.072,46.9007,27.5428,67.3533,3.8292,44.2225
45.5294,86.7868,41.2372,10.699,1.4898,48.4611,32.2066,68.9238,5.0756,83.0966
25.4868,49.3759,27.6097,10.1823,1.3512,37.1444,26.1648,64.0244,2.9058,49.5672
12.6621,25.4423,52.011,8.3992,0.8929,74.0902,24.2676,66.1488,3.6051,50.9474
24.7054,42.0433,29.9251,8.332,0.7518,48.6409,32.3968,95.7583,2.2752,58.8555
23.2118,39.1041,12.7975,20.6332,0.7722,58.436,16.6181,20.4811,5.4207,41.0041
22.5948,49.1087,30.8948,11.07,1.3005,41.0445,29.6066,38.214,5.0555,55.5794
37.1444,59.4063,21.8654,10.6009,1.1752,41.5717,25.3616,50.4528,4.921,60.4245
14.8812,38.8077,8.3872,20.6047,0.8955,51.0855,26.2627,47.4779,3.8732,53.5369
49.6401,78.1862,42.3987,6.1393,0.8345,47.0414,32.7059,35.8375,4.5659,81.6644
15.3381,36.9924,25.8361,1.9827,1.139,21.3889,21.3545,39.9763,2.146,48.7154
42.6195,62.8813,27.7457,12.3409,1.3069,51.4485,15.5299,37.3428,4.0631,80.6005
27.7912,45.9299,35.096,13.4477,0.111,41.2003,29.7643,34.2538,4.3319,46.6541
37.7869,59.6046,13.849,13.1045,0.8693,66.3041,29.8213,32.5878,3.6264,70.3738
45.1834,86.9375,49.532,8.4672,1.0165,78.6189,32.947,47.2726,1.2178,84.1464
42.8724,71.663,28.1671,9.1014,0.6419,53.6321,23.8072,64.8967,1.0715,83.4837
49.1458,88.1424,9.3647,16.4526,0.4699,51.008,32.1394,75.1463,4.1441,85.2555
36.9826,58.6292,24.7217,12.0967,1.1516,30.1213,29.7069,57.6071,2.6022,63.437
29.3426,53.846,28.0532,15.7722,0.4165,24.4233,16.7415,75.7484,3.0192,57.4059
42.1019,75.0903,24.6604,4.8637,0.7924,23.5997,23.5303,45.7359,3.5737,69.487
30.6325,57.7571,58.3686,2.7751,1.628,31.381,14.5188,42.6198,4.154,76.9547
27.5597,45.8611,22.4038,14.9577,1.2765,41.4259,19.2447,51.9812,0.2001,60.6933
39.5949,65.1771,24.953,17.6061,0.994,50.4273,27.5217,60.2927,4.9077,66.7504
34.6253,46.239,25.7954,22.0166,0.5146,29.5551,23.4763,71.8127,4.0842,58.7825
55.3708,90.7083,41.3846,19.9671,0.6051,24.0713,27.7509,60.9789,3.2443,91.8957
33.7947,68.0605,3.0,18.3542,0.9777,43.2157,17.1758,77.7174,1.6914,63.4815
48.6503,71.0455,33.1609,13.5539,1.028,38.4885,28.0988,74.6176,2.8095,93.9511
21.363,35.9728,42.0258,10.9166,0.6189,38.7484,34.6022,70.7018,1.9957,45.3918
52.9068,88.8339,25.7737,7.4621,0.2783,26.5008,26.1022,50.1006,5.3391,80.6577
27.8935,44.2768,42.9021,10.1347,1.6931,46.3506,14.4451,25.3488,2.2438,76.4686
32.0345,41.0507,23.7491,10.5494,1.311,51.0562,22.95,62.8471,6.0915,69.0805
26.1026,51.2589,41.3193,23.6473,0.9861,40.4737,26.5035,50.3632,3.3962,62.3193
35.2811,52.1804,38.4397,15.9929,0.4048,55.46,20.0771,80.6051,4.5057,74.1074
42.0934,64.8813,9.2287,12.6781,0.5182,47.6572,13.5821,70.4989,3.8706,58.4642
23.4238,45.6791,38.8515,13.1493,0.6918,47.2664,22.4152,49.4472,1.3687,58.4148
25.1733,44.992,9.862,16.1814,0.7315,46.1134,34.5007,82.8582,4.0605,46.6276
33.9421,60.7135,32.6934,12.7026,1.1461,54.2171,32.5328,71.1625,2.2968,71.3007
34.8487,62.7502,25.0825,11.9468,0.8005,37.5168,26.8899,72.5581,5.5041,70.6342
30.292,61.0646,15.6955,14.078,0.7323,37.2888,37.8673,51.2737,3.5198,60.406
34.6951,51.8767,33.2809,10.2883,0.8683,44.6751,27.1932,64.5728,1.226,68.5452
56.1693,80.808,20.7375,8.5506,0.3042,19.3792,17.2843,76.3832,2.7225,72.1766
32.9847,60.4107,34.8536,12.2121,1.6925,48.7035,27.0343,49.5095,2.08,69.9231
19.52,40.584,31.6192,8.8477,0.7947,59.8291,22.5493,58.5468,3.5761,55.7218
25.9252,32.1064,10.4947,13.766,0.727,40.2098,11.9797,45.1912,3.3552,46.6532
22.0546,34.1534,49.2704,10.7512,0.8673,26.2172,18.5318,53.5618,1.7046,57.6151
21.1256,35.2221,22.0177,3.6994,0.4265,46.683,16.7861,55.0358,3.0107,45.3789
44.7492,71.2375,18.4779,12.9742,1.1567,40.1659,23.5351,54.8957,2.9991,78.6788
30.1503,56.8497,34.1435,22.7513,0.6836,61.1017,29.62,38.4353,3.9359,69.7613
27.6906,34.7694,37.4565,5.5188,0.8483,20.1553,28.1538,28.6257,2.4363,50.7205
34.9166,51.4765,34.594,14.4184,0.7911,41.0184,4.7289,83.6837,2.9052,71.9701
37.196,64.1283,36.8879,8.8026,1.2057,67.053,25.4063,55.4891,4.4708,79.3233
30.5001,51.7012,31.2513,15.8101,0.7489,56.0602,37.7377,67.4825,3.1184,67.9064
29.6943,45.8243,22.4134,5.1525,1.1884,38.3161,11.0466,66.1727,3.6716,60.6897
18.9058,29.6527,47.6195,8.9765,1.0367,46.7224,14.2998,34.4112,3.8441,53.78
31.6118,61.6684,13.7703,11.6992,1.2514,56.8043,22.0679,65.5096,4.0117,60.6969
17.2678,39.0889,30.5356,21.0962,0.7069,58.9444,29.8111,65.8816,3.2374,48.8085
31.497,52.284,30.2306,6.7682,0.9738,69.9506,17.8543,66.4982,0.742,69.873
38.1458,59.7545,35.5118,12.5215,1.4425,46.5845,26.7637,55.6647,1.7412,90.7276
37.1914,65.6221,30.8481,4.6661,0.492,21.5472,33.2471,66.0338,2.7642,56.3051
25.0292,44.921,17.6617,16.3646,0.6588,41.0581,23.2967,22.9868,4.2519,49.6998
8.4099,18.2694,26.6597,6.8273,1.0046,61.8624,26.4267,35.4228,2.319,29.2811
37.4073,58.1214,32.7545,16.0058,1.1635,47.9085,22.2095,32.0567,6.0357,83.2475
33.8794,61.4075,18.4981,10.0598,0.9078,36.7401,36.3015,62.9786,2.3924,60.5675
37.9218,55.3321,34.8217,11.8019,1.1695,49.9753,19.4272,47.2832,5.002,75.2487
42.1486,74.786,29.0938,6.5252,1.4397,42.2917,33.0178,56.5731,4.6394,74.6429
19.2055,35.132,25.176,15.3051,1.0031,23.3497,18.8107,35.6205,2.2268,47.1694
27.5491,56.3229,34.1839,7.753,1.2862,57.7507,25.3695,52.171,5.7178,70.4257
22.0998,42.1193,21.6719,16.4738,0.5914,36.0835,19.6768,65.6866,1.8358,50.0047
9.1919,26.8895,3.1432,12.8837,0.9749,38.0085,31.6959,76.0665,4.5953,39.336
38.9286,64.1155,32.6338,17.507,0.8841,11.3869,12.2512,86.8386,2.1299,68.9149
46.3342,82.8815,35.5853,12.7223,0.2633,76.0595,21.3479,75.4336,3.3843,79.7001
31.7952,54.6813,46.5092,5.5348,1.019,70.2871,20.4329,58.575,1.6733,81.4916
21.3968,43.9705,10.3342,7.6888,0.9667,29.4091,22.2125,36.5569,3.3156,38.2957
22.273,43.0035,10.9559,15.1552,0.6551,67.358,20.3224,43.8874,3.3405,53.926
5.7724,12.809,42.5765,6.8008,0.5341,22.7241,21.5775,37.9044,3.7828,25.109
29.2793,50.7646,23.9115,10.809,0.611,32.5402,32.6001,64.7819,3.7492,61.0755
39.8437,65.932,35.7957,10.7715,1.4237,47.9272,24.3242,83.0113,4.2723,77.5508
40.7402,61.4304,27.5254,12.8778,0.9421,42.6837,17.3123,64.3861,3.9222,69.08
34.733,63.0575,34.9241,13.7731,1.0424,53.4585,29.0671,65.3123,2.5391,75.2609
26.9918,44.9809,33.4218,12.295,0.697,52.8417,18.7095,65.3766,1.4704,66.8931
40.852,72.0593,30.1781,5.36,0.3992,46.0315,21.4028,63.2304,4.5494,71.1237
23.4797,47.0252,23.9012,14.0032,1.0793,37.7288,34.2212,52.5422,3.2383,62.0507
37.2448,58.8775,26.5117,13.1576,0.7669,37.8855,30.6301,54.9025,5.4595,65.2333
22.7492,40.6517,39.3116,9.1062,1.2354,45.0984,26.7667,46.3887,3.2422,59.9288
47.5833,76.582,14.376,6.4826,0.6963,53.909,17.7379,42.3279,2.8042,72.328
33.9513,51.2235,26.8622,16.7634,1.0178,50.3602,18.6857,53.4989,1.5756,70.2772
45.1312,74.3081,26.2097,7.8306,0.8642,68.3429,18.9709,61.5191,4.3819,78.2359
19.2812,38.9503,45.2675,12.7639,0.8884,44.2868,9.0944,63.0611,2.5735,53.3502
49.8003,76.9802,30.9725,5.8043,1.0008,25.2927,25.5511,59.8778,4.1568,73.4336
29.7443,47.6725,37.2046,3.3466,0.7824,51.8077,25.2185,33.4311,4.647,60.4243
46.9834,75.9378,30.3558,12.9835,0.7685,75.9731,22.0948,63.4133,2.364,80.9287
33.2388,53.5637,20.51,12.1847,0.7751,74.7781,22.7194,47.4392,4.0015,72.6914
15.7486,38.9847,19.4105,9.5449,0.4825,38.4277,14.289,48.2774,2.7615,39.4105
38.0481,66.6596,29.2149,18.4833,0.9504,61.8734,24.9196,47.7705,1.4348,61.3353
29.8083,45.7788,29.7648,18.4069,0.2222,54.4217,13.3959,28.3366,6.1108,59.4449
2.0,19.0484,27.7283,19.4638,0.6221,47.7636,24.8228,24.856,3.3671,36.0798
23.5189,46.4313,36.5757,12.1066,1.2402,53.9656,35.3027,62.1538,4.5522,62.5812
43.1244,74.7385,34.4163,15.7062,0.8049,40.5069,11.3823,61.6496,1.6757,74.913
30.3966,57.526,35.7492,14.3131,0.8458,48.9422,17.7602,82.6121,5.308,64.8768
20.0945,31.1812,20.72,7.3396,0.9912,47.5361,29.9362,60.885,3.4746,46.5479
53.7239,98.251,22.087,13.5116,0.8223,41.3207,20.0612,39.6037,2.8451,89.982
51.5141,90.9458,31.4329,18.7267,0.8765,43.2757,14.7058,76.9868,4.5164,84.637
19.9125,49.8194,32.2602,6.6161,0.8075,53.0717,31.5214,70.94,5.2911,58.4172
40.4326,75.9924,24.9972,9.0763,0.4763,55.7069,19.088,62.0721,3.3337,68.9473
30.1486,59.1669,46.2235,9.9032,0.6659,72.004,24.6306,49.0796,2.7707,74.4526
33.9617,59.5036,17.1064,8.1082,1.234,50.8686,31.0624,30.7725,2.4435,65.5536
43.0514,85.0661,32.009,7.5408,0.6719,26.2408,33.412,55.546,2.3661,80.229
51.1599,82.8303,24.8088,13.4548,0.3923,51.996,28.7548,60.9506,4.1233,79.7504
37.0747,71.939,31.1229,20.1245,1.1574,41.3121,23.7044,47.1738,4.782,89.3408
31.9427,57.6967,34.8596,12.4638,0.8503,53.9079,13.7642,44.027,3.5071,67.2791
37.3902,67.5993,41.9745,6.747,0.696,60.0428,24.6334,61.0047,4.7744,65.0397
52.8951,88.5299,17.2536,18.0665,1.4394,66.0846,22.2404,69.1552,3.8981,85.4196
65.752,100.6696,50.6581,11.8504,0.9796,41.438,33.7888,86.6334,3.4361,105.3768
26.6203,51.9554,7.7352,3.9599,0.9032,49.3033,20.6197,51.099,0.9615,49.0402
33.1383,59.4607,35.7411,2.2594,1.3695,15.4363,27.6145,50.793,4.4787,68.9997
32.7272,55.2099,13.3419,11.5488,0.6808,31.7981,16.1796,58.1586,2.6514,60.4532
28.4984,41.8047,22.0994,12.1293,0.3505,63.3975,22.3483,55.7998,3.3667,57.3131
42.863,67.7303,22.7781,21.8357,0.267,30.7883,17.7753,72.3885,3.5619,70.4901
24.5024,46.6617,20.3323,9.1836,0.6711,34.8244,16.97,61.3223,3.5812,46.2618
29.42,54.6728,31.464,19.1621,0.8212,49.4951,28.6133,41.9698,1.7859,57.4392
39.8916,66.6221,32.518,12.6055,0.961,53.8166,21.1612,69.9375,3.9896,69.4106
32.1265,65.4628,65.8885,11.774,0.9074,22.029,24.7811,56.9042,2.4608,85.822
37.5221,58.3126,19.0713,15.6756,0.71,31.8962,12.1912,55.8506,3.974,67.3095
37.8831,74.6982,18.1108,12.963,1.0132,22.0292,22.6616,40.4655,3.4933,62.3091
42.8332,81.7639,27.7964,8.7526,0.5352,50.5347,17.5147,72.8794,5.3559,83.3324
56.8433,93.9301,34.6044,8.0678,0.5012,55.3623,14.0161,73.853,2.0771,89.7185
55.8276,93.2729,35.0995,10.6427,1.1568,41.3245,17.4795,42.161,1.1657,86.8652
43.0478,72.0678,20.4402,15.9222,0.9544,51.2167,17.0481,50.5818,3.6539,73.5878
47.0712,83.2469,44.9752,13.529,0.7076,45.6434,40.288,75.3738,3.0003,90.4649
32.5403,54.8841,41.3114,14.1352,1.1804,69.4666,20.5335,62.9684,4.4373,79.2887
30.5126,54.0774,49.2461,9.2106,1.0394,51.923,13.9748,68.3983,1.4534,73.7401
49.8166,79.7461,14.8054,11.8818,0.8942,46.6895,25.589,62.5448,1.2973,84.0041
8.9944,19.3604,38.0585,8.1799,0.4645,34.4629,20.592,90.0804,1.2574,41.5826
32.5936,51.9944,16.1813,6.0592,1.0029,54.4468,33.2049,42.7065,0.4414,62.9445
41.3192,77.0888,11.0634,19.4834,0.9392,73.2496,22.5347,80.2529,2.4467,87.5213
28.839,42.1599,32.3828,17.7088,1.2802,44.151,26.7921,57.8121,4.9502,70.4566
28.96,57.275,29.7935,17.9377,0.7863,46.2854,20.0178,32.9721,1.6205,68.0271
42.44,66.912,34.9245,12.1664,1.1317,38.8009,23.9329,39.5746,4.6909,79.4698
36.4218,77.3029,41.7898,19.1491,0.9998,37.8157,27.2013,58.8342,2.7597,84.7085
31.2676,56.4286,31.2828,4.5065,1.061,55.8324,24.3853,62.1438,2.7883,63.1777
27.4998,38.4642,35.3956,5.3709,0.766,15.8116,19.354,66.716,3.319,54.4022
37.875,54.6709,38.7365,9.9048,0.9094,51.1133,5.4164,80.7703,2.758,76.8319
30.8699,50.6066,43.1907,5.9825,0.9881,37.5737,27.6132,72.3838,4.1023,69.6791
27.804,48.2275,33.3251,18.0206,1.0412,42.3402,25.4831,72.6381,3.8088,69.29
30.1828,58.7233,26.4274,12.4733,1.0728,26.3879,22.2231,62.381,3.4161,66.8534
7.1233,8.7088,39.9446,15.6999,1.4838,43.3772,32.3821,93.62,0.2289,40.8375
29.022,43.0105,45.1522,10.6712,0.6899,62.3018,28.5672,48.6753,4.0883,60.1025
26.6247,55.0073,21.5513,9.5004,0.7615,37.1298,6.1819,33.0535,3.3963,60.4491
43.2201,69.7151,28.7233,3.6109,0.823,41.6361,19.8603,67.5191,3.7092,75.857
61.4341,103.3601,10.2907,5.0207,0.8819,32.5296,22.2322,80.6254,3.3039,81.6361
52.17,85.037,29.476,13.0631,1.054,34.6992,24.4243,77.8967,4.8012,83.083
35.1911,69.9356,27.3933,5.2818,0.7057,53.3588,23.2793,58.6241,3.5387,65.5334
41.0205,77.4918,34.2581,14.6246,1.2371,55.2279,31.9242,25.644,3.2451,82.6355
33.3775,52.9466,28.6729,8.3113,1.0012,54.4823,22.3181,75.0208,2.5181,64.3352
35.9573,59.5327,39.9293,11.1353,1.0599,58.1358,12.5993,57.1331,3.356,65.739
35.6488,60.3176,15.5795,18.6509,0.9377,13.463,20.6685,52.8122,3.0534,57.7742
22.149,42.7171,20.3398,16.8212,1.0463,48.3149,20.0168,59.7808,3.2774,55.4374
15.7086,31.5205,7.2314,12.6119,1.6409,31.3814,18.327,71.2727,2.1048,41.0407
32.1625,57.1593,38.6856,9.6692,0.7194,41.3137,19.0505,62.7864,4.9782,61.6574
21.1276,39.2722,24.1795,4.8486,0.5002,19.0123,23.5309,46.1278,5.5253,43.9019
22.7388,35.501,25.3336,5.1893,0.8765,60.3969,21.7494,46.875,0.6358,44.7814
36.0283,61.2491,31.8894,4.8723,1.1618,37.9681,11.0983,40.2684,2.3647,68.2775
15.0143,35.7766,29.847,16.2411,1.3307,40.8616,19.5501,67.2214,0.9412,59.0574
34.2754,56.8499,18.6454,5.4633,0.8069,51.4424,23.8712,21.1004,2.3058,61.8213
57.0206,92.6313,33.8051,12.0189,0.7789,28.8807,17.5772,36.5371,3.8024,92.3662
32.7301,53.2741,40.0943,23.0824,0.3757,52.838,24.9604,63.1291,4.0998,75.4719
33.4802,71.1379,18.2023,15.8066,0.4713,25.137,26.9325,69.519,2.4474,63.4454
26.2837,54.0919,15.196,13.0346,0.9858,47.9414,24.0095,56.0731,0.1,49.7428
46.9691,82.6228,43.5784,12.31,1.4061,43.051,31.2159,50.5065,2.4839,95.0104
17.6446,43.6169,48.4251,11.9679,1.3136,37.4972,22.2642,61.7998,2.4806,65.0006
45.7187,80.4811,24.8708,4.3834,1.0251,40.0455,12.6822,38.7265,2.829,83.6496
39.5723,62.0802,19.2053,7.0357,0.594,47.2432,31.7873,100.0,5.495,64.1905
46.2794,78.0105,47.4096,14.5738,0.7514,58.4992,18.4562,47.9442,2.7929,85.3661
10.0159,29.1032,56.7024,5.8037,1.3059,21.235,23.4241,44.7179,3.4445,53.6092
19.4927,36.2569,37.3704,7.3586,1.2719,62.9885,20.6812,80.6906,0.6733,57.4425
41.4251,75.8156,41.0164,16.898,0.9118,54.6392,24.21,34.5109,4.3754,83.7047
33.4863,54.7652,49.4701,7.3416,0.9217,35.1733,23.6185,76.1775,3.7329,70.0934
44.7613,80.7312,29.33,9.8488,0.6824,18.4935,34.8566,46.6601,1.6932,69.0524
21.34,46.6696,29.1388,7.1164,0.6583,30.9908,31.8718,35.1442,3.3066,50.9185
39.4183,68.4846,28.6084,1.0,0.895,38.0484,14.7541,81.156,4.8346,68.2767
39.2891,66.9562,11.102,9.8503,1.1612,43.4485,17.0173,76.0981,3.6541,62.9806
28.1698,47.7201,20.1615,15.8003,0.7374,46.9179,36.4885,47.2935,1.766,56.4701
29.585,50.372,20.8829,4.253,0.7819,26.897,16.289,100.0,6.3499,67.6408
31.3069,48.3697,35.5469,6.8551,0.8171,31.9482,30.2572,56.2974,3.6203,58.1881
32.6201,46.0529,28.9925,10.436,1.025,38.4197,17.0407,59.2514,5.0984,62.1863
56.3872,77.5704,21.3355,10.654,0.5001,6.6657,24.3378,42.0822,2.1557,74.6634
32.3864,52.8489,36.1941,8.0715,1.241,62.1394,12.9218,43.9998,4.3996,63.6526
28.0787,51.0641,40.0171,17.8688,0.8572,52.5717,26.3126,84.0488,3.1838,67.5636
32.6354,49.1861,16.9927,1.0,1.3411,72.4541,11.9456,71.5816,3.7222,63.8928
42.4522,71.0679,56.5121,16.536,0.6636,29.7983,33.6532,53.7518,2.9184,82.9602
35.7981,68.6346,20.5546,1.0,0.7331,33.8732,19.5411,31.3855,1.9743,52.932
46.4953,71.2149,27.7039,19.1855,0.798,50.2411,31.0447,67.2028,2.4419,75.2014
50.4911,84.8651,22.8206,10.2378,0.8844,20.1114,27.3792,74.7121,2.3476,75.6169
30.0515,51.8859,50.1696,16.2516,0.9538,36.407,24.538,55.0506,1.687,68.3514
40.2935,62.0158,16.8359,11.2146,0.7803,20.9023,32.3248,76.8115,5.9111,62.1112
41.8469,78.125,35.4206,17.7539,0.948,38.1841,27.2825,65.8715,4.0849,85.6311
36.9065,62.0725,41.7844,11.253,0.6538,58.273,9.0622,75.9269,4.2993,74.193
48.7058,78.6505,33.0025,4.8193,0.5298,51.2302,21.1214,39.6874,4.4066,77.11
27.0003,47.5214,45.044,17.3938,0.9157,54.0076,19.933,86.7889,4.9022,67.1209
37.3968,69.6262,39.6487,17.0408,1.1055,49.8379,12.8459,81.4097,2.7614,81.6525
34.6683,66.3159,25.7673,6.1773,1.3402,54.7548,34.8098,57.2793,3.6424,75.7549
22.7678,32.8639,21.7545,8.8044,1.4345,80.9621,22.5335,59.485,2.7846,57.94
39.106,68.7022,26.4751,11.4473,0.7187,34.749,21.198,69.0635,3.8317,66.6652
46.6548,78.3437,39.5682,11.0491,1.4404,64.5629,29.0842,81.0688,2.3606,101.1216
20.3068,38.9402,23.8658,2.4677,0.5111,38.9074,27.4104,52.0757,4.4194,41.9472
23.8906,51.9903,42.0694,10.77,0.4162,29.736,20.3815,59.211,4.7579,56.1012
38.4901,68.3201,18.197,17.6261,1.356,52.3399,34.8354,53.9975,3.2099,81.303
32.9532,53.7536,47.8319,11.2276,0.659,44.8425,9.0014,74.7241,4.9524,63.6984
26.9435,59.5629,39.6634,10.3442,0.8499,50.6186,33.9437,70.3977,3.9346,64.8077
53.519,91.7716,19.0153,10.0553,1.4407,19.5632,16.5886,66.7683,3.0211,80.765
2.0,9.0114,41.8017,6.9973,0.5559,55.8442,33.818,43.9331,2.7479,25.9377
34.9813,55.9818,28.3021,1.0,1.175,19.1626,14.5537,54.1461,0.5752,55.5327
23.6723,32.4745,22.9367,11.4743,1.411,57.1742,6.7845,54.6083,2.0775,59.8863
30.8852,56.43,36.5021,10.0509,0.4038,39.1904,28.3565,67.1027,2.9568,64.9015
33.83,50.9842,31.7312,16.1749,1.2931,36.8018,24.8612,54.1798,1.4454,71.3589
23.7779,44.0813,23.3246,9.0376,0.8815,46.1307,27.4654,51.4636,2.8331,54.95
29.9563,53.0606,24.2459,11.7405,1.147,56.3613,29.7194,77.4011,3.3951,70.5791
31.1326,60.7425,37.5514,20.318,1.1501,54.4934,26.2145,49.9522,2.3587,77.4234
19.6236,46.8201,32.0629,15.0733,1.191,48.5097,23.4254,23.6149,3.6626,59.1854
17.3969,35.2469,28.9637,17.2022,0.3884,37.2218,22.6206,44.1721,3.4426,34.2376
7.7893,19.525,35.4777,7.8625,1.0106,49.2553,28.0345,59.2329,0.9798,42.5134
36.5306,71.8001,15.0198,23.4589,0.8747,30.1021,22.018,75.893,3.2671,64.566
43.2567,78.7587,30.0572,20.5309,1.5335,11.1095,24.2157,87.6559,3.8483,90.9695
41.8606,62.1194,23.6777,11.9536,1.3008,44.124,20.6458,49.3611,3.4451,75.472
62.5574,101.0039,17.6135,15.092,0.9816,47.4486,18.9991,65.5295,2.5688,92.3587
27.9354,55.7762,15.6577,11.555,0.8205,55.4499,22.7579,72.6051,2.2065,60.6347
38.3139,65.9812,45.6473,14.6584,0.9802,60.3745,26.7074,53.9895,4.4597,91.242
28.3077,54.3259,31.3607,12.4743,0.3343,36.0963,18.3779,80.9591,1.7455,64.7179
23.6227,42.391,25.9725,9.2192,0.4324,64.472,31.8687,77.2702,4.4569,57.6123
49.8954,78.2583,35.7098,19.2685,1.0056,42.5078,17.8578,53.7697,2.5937,72.364
40.6938,78.192,36.2786,12.8867,0.6825,41.6676,33.8259,36.119,6.1449,66.7717
45.3398,71.995,25.5175,1.2367,1.1848,51.0213,31.5284,50.0779,4.9412,77.4712
32.9279,54.4144,42.4004,13.8202,1.0271,24.293,23.5892,41.9212,2.152,58.8946
42.1037,70.5136,30.045,7.0769,0.9557,31.0703,23.3988,68.1126,3.6882,76.6774
26.8949,36.692,32.7852,6.6662,0.804,28.5138,22.3736,68.6589,2.7727,48.8079
36.7441,64.7288,30.2089,13.4081,1.2716,68.2895,28.9881,52.3922,3.6707,69.6123
35.1393,71.882,29.4831,11.9429,0.6649,60.6178,22.0141,62.8883,2.7467,64.5062
32.8543,51.2286,23.2261,9.1445,1.4166,54.0686,26.2065,47.9351,3.9915,66.021
49.6635,81.1731,47.2003,10.8455,0.9271,38.4796,23.8175,42.3086,1.7079,79.5947
24.9095,39.6916,32.8792,8.7764,0.8533,63.3542,28.1533,32.9874,3.7274,59.924
33.2916,52.2469,33.6237,10.721,0.9801,53.1392,26.9382,50.1218,1.1016,68.3542
33.5147,57.282,33.2547,14.6714,0.5769,56.8166,26.4533,60.6153,3.2849,77.9013
40.4201,68.12,14.119,10.6512,1.0454,27.2124,22.9691,60.2728,4.2214,59.5476
32.7911,55.7722,30.0435,14.0891,1.1633,60.3631,42.1669,61.5299,3.7947,69.8832
34.0508,53.6433,28.224,8.7575,0.517,47.2095,20.0752,61.2727,2.8299,64.3425
52.2941,89.6081,26.433,10.1599,0.9634,39.1879,21.5744,76.3333,3.5718,83.8766
37.2524,63.1852,24.9346,13.248,0.7797,36.7012,28.9993,47.1321,5.0063,59.7789
40.5651,71.2215,33.5667,13.4779,1.1713,41.3948,21.3747,52.6629,5.7884,72.2074
47.9518,74.9426,35.3704,17.531,0.5333,32.629,30.0924,77.2225,2.4366,89.3676
31.742,57.9037,42.7309,8.3018,1.3994,34.5442,23.3283,51.8099,6.2231,71.3062
45.4228,83.18,25.7479,16.4993,0.8057,20.83,21.4107,58.807,0.2929,71.1156
34.0701,61.676,36.3328,11.8959,0.7026,53.1196,14.4453,69.3303,1.2203,74.7876
24.1838,53.6249,25.7362,8.9069,0.5932,53.0288,15.5617,53.8449,3.7556,49.9147
24.0289,40.9843,16.4258,8.3858,0.895,23.1834,24.0493,59.207,3.4417,47.798
6.8346,12.8419,33.081,11.1645,0.5592,67.0793,32.6667,36.0285,2.999,39.4485
54.3807,76.8009,36.3657,10.062,0.9478,40.8092,35.603,89.1715,2.839,84.9898
65.6363,109.0136,19.2375,17.6103,0.8388,40.3223,31.3901,30.411,4.4172,96.4817
39.226,67.9833,13.3721,8.1398,1.0122,52.1793,23.5296,31.4526,2.8516,62.476
25.7531,49.5021,33.0215,4.4415,0.86,52.934,25.3128,55.2231,3.2109,52.7958
57.6385,95.2319,21.2894,2.759,0.368,36.2111,31.2206,48.8117,2.8552,75.4099
52.8369,100.7033,3.0,10.1402,1.0463,51.8369,20.3929,50.3503,4.0709,88.8481
13.5397,24.1161,34.5656,6.8633,0.7338,63.503,25.9602,49.5062,3.8167,38.4884
36.9564,66.1372,42.0036,15.1927,0.9408,42.2571,22.2429,77.5755,4.8074,79.4616
35.4227,55.9785,16.4826,9.7243,1.1327,47.2392,32.9325,54.9846,1.0843,61.4844
45.0033,76.9813,31.2236,11.7732,0.7482,53.9391,20.3032,64.2917,3.2242,71.4626
53.438,86.6286,38.3723,14.9374,0.8926,38.5488,25.4115,49.4611,2.111,87.2605
14.9111,24.3102,28.5701,14.7759,0.2925,51.6922,33.2847,72.0918,4.9642,35.9786
23.373,34.5946,43.6536,22.9154,0.4179,42.6879,14.6203,27.9407,1.9609,63.0277
28.9809,56.2788,36.5579,7.8246,1.3002,29.6849,20.3542,65.1051,2.8053,65.1458
44.7094,81.9626,11.9282,12.1407,1.2789,67.1034,6.3569,45.6946,3.309,76.7489
43.6445,76.3692,35.4326,10.8054,0.8464,58.0662,27.7255,63.3465,3.338,77.0697
25.9009,47.6229,40.3564,6.9286,0.9981,50.5628,22.193,56.0964,4.0325,58.5769
51.6798,75.0427,36.5878,15.4631,1.315,16.4404,16.5676,75.2719,2.1855,88.2248
47.8976,73.4409,19.5629,7.0615,0.8874,34.5251,24.3826,56.1784,3.8499,70.7257
41.6064,75.4872,38.8894,14.194,0.7708,46.4565,14.1899,62.8825,4.3767,75.6763
51.7052,90.556,49.642,6.395,0.9229,35.7223,21.0968,70.3038,4.7001,91.699
30.9701,47.9358,29.5045,13.3749,1.0887,58.0883,20.0863,47.1567,4.9284,66.5217
14.4279,39.2665,23.1639,16.0537,0.8014,45.7763,35.6775,28.8587,2.7826,41.1049
31.7004,53.663,39.2414,14.1481,0.7584,66.0849,29.8954,43.8814,2.7126,65.2881
37.5622,62.0319,37.4573,9.3493,0.9036,36.6072,19.7384,71.536,1.2371,73.7916
44.8642,83.143,20.6055,18.0799,0.8675,46.2691,25.9473,36.8892,4.9043,80.1859
27.1054,45.1109,53.5623,10.9884,0.8779,22.151,22.3773,66.3521,2.4902,65.6631
38.8779,64.098,40.0318,11.0424,0.8745,44.8442,11.4005,67.2456,4.1996,79.1595
40.3342,67.9831,35.4457,25.6317,0.5694,53.4599,27.4291,71.465,1.3458,88.3145
50.4905,82.346,48.2601,12.8267,1.5359,48.0293,9.9205,57.5783,2.6111,90.1351
23.1336,44.384,22.5098,17.0069,0.3948,41.5432,27.2944,64.5037,2.4696,51.6781
22.5777,37.6517,15.7924,18.5408,0.7788,31.0876,21.9795,79.7849,5.4855,44.6963
56.721,92.765,41.5096,16.3955,0.67,35.3844,12.3181,58.6032,3.7346,91.8292
20.1334,40.9236,38.1014,12.8425,0.7129,49.7546,17.4197,62.4077,3.691,60.6019
57.3026,105.0271,38.8515,9.346,1.1004,25.2628,23.9519,56.026,2.5469,98.2781
29.8251,64.8095,28.2628,21.5081,0.9869,31.0883,24.7971,92.3011,3.0023,68.6624
41.6307,75.2189,37.5371,3.5414,0.6807,37.5691,45.2774,45.2391,3.3797,86.4855
41.0837,77.7,38.5173,4.0836,0.7609,41.5444,11.3747,24.7344,4.4984,82.9709
22.2051,40.6104,44.5692,17.2631,0.4763,44.471,26.8792,27.9207,2.4968,52.755
7.3542,14.2592,31.2676,14.1198,0.5098,52.5526,22.6148,55.8977,2.4292,25.7956
45.3673,78.8488,29.7455,9.3583,0.4939,50.6733,20.7439,67.2159,4.0743,73.8599
26.22,46.3366,33.2938,3.3752,0.9562,24.6248,21.4434,94.9479,1.9091,53.224
30.0755,51.7726,16.9798,13.7096,1.0912,52.1084,26.4361,53.6587,1.9696,61.3912
41.2945,64.8645,27.8961,12.0593,1.5792,60.795,33.4704,69.2554,2.4013,85.016
53.2972,82.0021,30.6095,12.6456,1.0682,61.3318,22.6131,55.4877,7.2937,86.8375
18.5269,36.6258,24.3761,11.1546,0.8642,13.0475,24.6026,61.6692,4.7404,45.595
48.8759,91.1652,35.2523,14.3091,0.8011,53.7153,21.6866,20.4339,3.0356,90.8368
45.6334,74.8411,22.0835,10.6726,0.8894,28.6235,16.9477,56.7154,3.4806,76.6928
25.3399,34.4401,28.0615,16.8997,0.4574,33.0207,19.3037,84.3423,4.6408,50.5869
44.3379,70.2775,29.6624,2.8031,0.6062,31.6436,15.8202,66.8968,1.9075,76.3513
41.6763,71.9407,41.6994,13.2598,0.6863,38.9422,28.6691,37.5919,4.3826,74.8589
42.4245,72.3434,22.1988,19.9392,0.827,49.2381,20.2738,45.1305,3.3224,71.9927
34.2578,60.1938,24.6785,16.9224,1.0801,16.2403,17.6027,52.0355,1.9233,61.392
42.7308,75.0144,13.8547,5.4988,0.9754,40.7437,29.7226,47.5428,3.2443,64.8416
31.6088,59.0094,33.8221,6.4439,1.2132,44.1045,27.05,64.8923,2.6068,72.943
26.2813,45.1517,17.8014,4.2714,1.559,42.6681,21.1207,88.0042,0.9348,66.4003
37.9504,64.0907,27.6702,10.5026,1.3467,59.1893,23.0617,45.358,3.2305,69.8987
25.2458,44.0625,22.3904,8.7578,0.791,30.4489,34.6305,23.9629,4.1094,52.5869
32.8418,56.2749,31.3809,12.214,1.1092,52.5854,21.1388,42.1834,3.6071,70.9537
44.4102,71.2987,54.7561,3.3447,1.4527,33.666,23.2534,85.9993,5.6188,96.6071
44.5557,77.2696,16.1056,6.0476,0.8771,53.4889,29.0422,71.5395,5.0143,80.814
35.4786,48.6704,40.09,10.9001,0.7552,47.3477,14.9442,54.3755,1.3178,56.9926
26.5111,56.5124,31.184,15.8682,0.8643,50.5766,10.7329,46.3196,2.0585,55.4551
36.3234,64.8111,33.4705,11.6889,1.1087,45.805,25.8847,48.6183,3.9043,74.6191
22.6167,37.9671,40.65,5.4348,0.775,59.2547,28.7059,73.6152,3.9837,56.1223
13.6465,40.7903,38.0986,7.57,0.9363,36.1262,23.2704,67.4367,2.2775,59.471
30.9628,51.7244,41.7777,6.199,0.9377,74.6149,24.6498,61.5558,2.4496,65.7149
32.3174,70.1353,39.179,14.678,1.1072,58.4156,21.6892,57.7367,3.1166,77.7706
23.4176,35.2988,22.6233,13.9503,0.5701,55.7909,15.9744,54.5528,1.4032,53.9403
16.6155,20.8637,30.6278,13.6222,1.1301,47.4492,26.9582,60.9688,3.4665,56.5404
32.4495,50.8271,43.0859,16.8362,1.0724,37.4015,27.3756,85.0038,2.5832,75.936
18.9417,30.8585,39.8152,15.3012,0.7954,29.831,18.8067,90.762,3.2808,58.0717
42.0051,72.6412,34.472,10.3727,1.2393,46.2696,21.7947,66.64,3.1548,82.8205
24.8868,34.7225,8.052,4.6419,0.5991,36.9121,24.0527,65.7005,3.9061,36.774
57.7523,93.9423,24.0249,11.5216,0.9806,49.9505,20.156,82.5977,1.1751,95.3454
44.2376,74.0597,20.5157,12.4034,1.1788,46.1111,20.3461,25.3381,3.5935,65.5434
48.1942,75.6341,41.5543,16.9506,0.8916,42.1614,37.6636,53.7826,2.8126,83.5315
26.0176,47.0876,28.4808,1.0,0.5855,62.8705,30.0204,95.367,1.0295,47.5712
47.9594,73.6317,38.805,8.7684,1.2545,40.5639,22.9864,82.0111,4.1872,83.5727
2.0,20.5219,28.9449,13.3491,0.6271,43.3847,18.3217,46.9335,0.1,36.3806
37.6025,59.6284,41.5402,10.8794,0.7675,30.5804,34.7103,91.7963,1.8315,67.9575
31.7272,60.2604,30.5456,11.1566,1.1367,47.9063,22.0701,55.0797,2.7262,73.1016
34.7702,59.9736,29.9164,16.6426,0.7768,72.1089,17.9221,34.3991,3.5098,71.5341
29.8458,72.5013,34.3582,18.2652,1.0843,49.7792,17.5417,60.5116,3.8998,65.5472
7.305,26.2823,36.349,14.2502,0.8169,56.4384,14.2877,48.5738,2.4488,49.5181
31.7433,51.9584,38.3656,16.7862,0.86,50.6205,15.0029,48.8442,1.9895,66.8315
44.1463,69.6989,36.9567,16.1306,0.6286,75.1714,22.1678,40.5084,1.9799,83.0617
32.5972,57.6555,6.5701,7.4544,0.4571,56.2069,19.5491,49.0072,3.272,59.3373
45.47,81.5919,22.3642,10.3315,0.91,31.0266,23.373,59.0014,4.1367,66.0031
31.113,55.1657,47.7215,15.1708,0.741,34.8033,28.7476,65.6165,2.0416,69.7991
53.2861,91.6068,22.5012,4.708,1.0921,48.1016,31.0947,78.6776,2.2756,87.3552
24.4354,34.1755,27.2873,16.0961,0.9341,44.8916,13.3671,60.3043,3.2083,55.5984
30.1554,51.3835,35.5466,13.9326,0.3404,49.3482,21.7772,59.872,4.1546,64.1747
57.1015,92.446,36.855,6.7261,1.0975,25.9391,30.1508,40.8556,1.5158,93.9969
43.8297,83.913,26.6389,9.4428,0.8802,27.4135,18.271,59.9764,1.5721,64.884
17.2046,34.2006,18.0089,16.8849,1.1434,54.08,22.5151,59.7338,1.585,52.0635
45.1668,76.1027,17.0474,3.639,0.8354,42.1734,38.9835,35.367,1.159,72.0695
29.2871,68.6672,17.6703,19.6705,0.6222,44.7388,22.1078,42.6736,4.9532,62.2443
23.5773,51.0361,21.5675,18.7096,0.9554,33.9913,24.4706,44.4498,0.9248,62.1766
27.8584,45.1762,15.5622,13.2949,0.2898,30.2563,25.3581,38.7131,3.9907,49.7581
45.6636,74.9534,22.4769,8.5784,1.4632,52.6238,25.7038,64.0674,5.5822,88.7935
14.9515,31.9239,48.0583,10.9358,0.876,34.7733,27.4983,52.1747,4.9034,46.2069
31.1633,55.7986,26.2385,10.4058,0.9667,40.5303,24.8011,36.2234,4.7902,51.6449
26.9632,56.8254,8.4436,22.4279,0.7209,40.8211,23.8823,75.1618,3.0041,58.7707
46.5453,87.1838,32.3551,8.9518,0.5325,35.2726,21.6901,48.5849,4.2125,67.2552
27.1934,53.535,26.2995,11.4425,1.0919,65.8084,32.5073,45.8284,0.7436,63.7349
22.7105,39.1568,21.6923,17.561,0.7476,42.2508,30.7449,64.9207,2.8451,53.3742
53.4816,93.1631,28.5051,14.3907,0.9495,63.8495,21.573,67.9541,5.9363,87.4152
34.8376,69.6089,48.438,16.1942,1.0159,43.9016,11.7962,43.7084,4.5924,74.813
31.6964,56.7571,28.4302,9.7066,0.2411,50.6695,23.8585,61.9343,2.6689,62.2951
24.6589,53.7891,38.066,16.8309,0.8311,13.3654,16.5582,29.9124,3.2457,59.0145
